Qual a sua situação atual em relação ao curso de CeT?;Qual Campus e turno você pertence / pertenceu?;Em qual ano e semestre você ingressou no curso de CeT? Exemplo 2010.1;Em qual semestre você concluiu, desistiu ou encontra-se atualmente?Exemplo 2015.2;Com relação ao ingresso no curso de CeT, esta sempre foi a sua primeira opção de curso?;Antes de ingressar no curso você já possuía algum conhecimento prévio na área?;Antes de ingressar na universidade, em que tipo de escola você cursou o ensino médio?;Caso tenha estudado em escola pública, qual foi o tipo de instituição?;Antes de ingressar no ensino médio, em que tipo de escola você cursou o ensino fundamental?;Caso tenha estudado em escola pública, qual foi o tipo de instituição?_1;Antes de entrar na universidade em qual cidade/estado você morava?;Ao ingressar na universidade você se mudou para morar na mesma cidade do campus que se matriculou?;Você chegou a morar na vila acadêmica?;Qual seu gênero?;A qual raça você se considera pertencer?;Qual seu Estado Civil?;Você tem filhos;Você trabalha?;Qual a renda mensal da sua família ao ingressar na universidade?;Você foi contemplado alguma bolsa durante o período que esteve no curso?;Em relação ao seu aproveitamento acadêmico, até o segundo semestre do curso você foi?;Você considera que durante o período que esteve no curso teve o devido acompanhamento da universidade? Exemplo: PROAE ou Coordenação docurso.;Você considera que a grade curricular do curso de CeT é adequado ao que se exige no mercado de trabalho?;Em relação à cadeia de pré-requisitos das disciplinas do curso, você considera adequado?;Em relação aos critérios de avaliação do desempenho do aluno, você considera adequado?;Em relação à infraestrutura da instituição como laboratórios, bibliotecas, equipamentos de informática e etc, você considera adequada?;Em relação aos professores, você considera que os mesmos apresentam deficiências pedagógicas, desinteresse ou outros problemas?;Você considera que as carreiras relacionadas ao curso de CeT são socialmente reconhecidas?;Em relação ao mercado, você considera que o profissional formado em CeT é pago adequadamente?;Em relação aos seus pais, durante o período que você estava no curso, eles eram casados?;Em relação a sua mãe, qual o nível de escolaridade dela?;Em relação a seu pai, qual o nível de escolaridade dele?;cod_aluno
Concludente/Egresso;Mossoró - Diurno;2019.1;2021.2;Sim, sempre quis cursar CeT;Sim;privada;;Privada;;Tabuleiro do Norte - CEARÁ;Sim;Não;Masculino;Pardo;Solteiro;Não;Não;Entre 2501 e 3000 reais;Não;Aprovado em todas as disciplinas;Sim;Sim;Sim;Sim;Sim;Não;Sim;Sim;Não;Ensino superior Completo;Ensino superior Completo;1
Concludente/Egresso;Mossoró - Diurno;2019.1;2021.2;Sim, sempre quis cursar CeT;Sim;Pública;Escola Estadual;Pública;Escola Estadual;Upanema - RN;Sim;Não;Masculino;Pardo;Solteiro;Não;Não;Entre 1501 e 2000 reais;Sim;Aprovado em todas as disciplinas;Sim;Sim;Sim;Sim;Sim;Não;Não;Não;Não;Ensino médio completo;Ensino fundamental Completo;2
Concludente/Egresso;Mossoró - Diurno;2017.1;2021.1;Não, esse foi o curso que consegui ingressar;Sim;Pública;Escola Estadual;Pública;Escola Estadual;Tibau/RN;Sim;Não;Masculino;Negro;Solteiro;Não;Sim;Entre 501 e 1000 reais;Não;Reprovado em duas disciplinas;Não;Não;Não;Não;Não;Sim;Não;Não;Sim;Ensino médio completo;Ensino fundamental incompleto;3
Concludente/Egresso;Angicos - Diurno;2019.1;2021.2;Sim, sempre quis cursar CeT;Sim;Pública;Instituto Federal;Pública;Escola Estadual;Ipueira-RN;Sim;Não;Masculino;Pardo;Solteiro;Não;Não;Entre 1001 e 1500 reais;Sim;Aprovado em todas as disciplinas;Não;Sim;Não;Sim;Sim;Sim;Não;Não;Sim;Ensino médio completo;Ensino fundamental Completo;4
Concludente/Egresso;Mossoró - Noturno;2013.1;2021.1;Sim, sempre quis cursar CeT;Sim;Pública;Escola Estadual;Pública;Escola Estadual;MOSSORÓ;Eu já morava na mesma cidade;Não;Masculino;Pardo;Casado;Não;Sim;Entre 1001 e 1500 reais;Sim;Aprovado em todas as disciplinas;Sim;Sim;Sim;Não;Sim;Sim;Não;Não;Não;Ensino médio incompleto;Ensino fundamental incompleto;5
Concludente/Egresso;Mossoró - Diurno;2018.1;2021.1;Não, esse foi o curso que consegui ingressar;Sim;privada;;Privada;;Tibau;Não;Não;Masculino;Branco;Solteiro;Não;Sim;Entre 1501 e 2000 reais;Sim;Aprovado em todas as disciplinas;Sim;Não;Sim;Não;Não;Sim;Não;Não;Sim;Ensino superior Completo;Ensino fundamental incompleto;6
Concludente/Egresso;Caraúbas - Diurno;2017.1;2021.1;Não, esse foi o curso que consegui ingressar;Sim;Pública;;Privada;;pb;Sim;Não;Masculino;Branco;Solteiro;Não;Não;Entre 2001 e 2500 reais;Não;Reprovado em cinco ou mais disciplinas;Não;Não;Não;Não;Sim;Sim;Não;Não;Não;Ensino superior incompleto;Ensino superior incompleto;7
Concludente/Egresso;Mossoró - Diurno;2020.1;2021.1;Não, esse foi o curso que consegui ingressar;Sim;Pública;Escola Estadual;Privada;;Cascavel-CE;Sim;Não;Masculino;Pardo;Solteiro;Não;Não;Entre 501 e 1000 reais;Sim;Aprovado em todas as disciplinas;Não;Não;Não;Sim;Sim;Sim;Sim;Não;Não;Pós-graduação completa;Ensino médio completo;8
Concludente/Egresso;Mossoró - Diurno;2018.1;2021.1;Sim, sempre quis cursar CeT;Não;privada;;Privada;;Mossoró;Eu já morava na mesma cidade;Não;Masculino;Branco;Solteiro;Não;Sim;Entre 2001 e 2500 reais;Não;Aprovado em todas as disciplinas;Não;Não;Não;Sim;Sim;Sim;Sim;Não;Sim;Ensino superior Completo;Ensino superior Completo;9
Concludente/Egresso;Mossoró - Diurno;2019.2;2021.2;Sim, sempre quis cursar CeT;Sim;Pública;Escola Estadual;Pública;Escola Estadual;Governador Dix-Sept Rosado/ RN;Não;Não;Masculino;Pardo;Solteiro;Não;Não;Entre 1001 e 1500 reais;Não;Aprovado em todas as disciplinas;Não;Não;Sim;Sim;Sim;Sim;Sim;Sim;Não;Ensino fundamental incompleto;Ensino fundamental incompleto;10
Concludente/Egresso;Angicos - Diurno;2017.2;2021.1;Não, esse foi o curso que consegui ingressar;Não;Pública;Escola Estadual;Pública;Escola Estadual;Currais Novos/RN;Sim;Não;Feminino;Branco;Solteiro;Não;Não;Entre 1501 e 2000 reais;Não;Reprovado em cinco ou mais disciplinas;Sim;Sim;Não;Sim;Sim;Sim;Sim;Não;Sim;Ensino fundamental incompleto;Ensino médio incompleto;11
Evadido/Desistente;Mossoró - Diurno;2016.1;2018.1;Sim, sempre quis cursar CeT;Sim;privada;;Privada;;Mossoró/RN;Eu já morava na mesma cidade;Não;Masculino;Branco;Solteiro;Não;Não;Entre 1501 e 2000 reais;Não;Reprovado em duas disciplinas;Não;Não;Não;Não;Sim;Sim;Sim;Não;Sim;Ensino médio completo;Ensino médio completo;12
Evadido/Desistente;Angicos - Diurno;2018.1;2019.1;Sim, sempre quis cursar CeT;Não;privada;;Privada;;Assu;Não;Não;Masculino;Branco;Solteiro;Não;Não;Acima de 3000 reais;Não;Reprovado em uma disciplina;Não;Não;Sim;Sim;Não;Sim;Não;Não;Sim;Pós-graduação completa;Ensino médio completo;13
Concludente/Egresso;Angicos - Diurno;2020.1;2021.1;Sim, sempre quis cursar CeT;Não;privada;;Privada;;Açu;Não;Não;Masculino;Branco;Solteiro;Não;Não;Entre 1501 e 2000 reais;Não;Aprovado em todas as disciplinas;Sim;Sim;Sim;Não;Sim;Não;Sim;Não;Sim;Ensino médio completo;Ensino fundamental incompleto;14
Concludente/Egresso;Angicos - Noturno;2015.1;2018.2;Não, esse foi o curso que consegui ingressar;Não;privada;;Privada;;RN;Não;Não;Feminino;Branco;Solteiro;Não;Não;Acima de 3000 reais;Não;Aprovado em todas as disciplinas;Não;Não;Sim;Sim;Sim;Não;Não;Não;Sim;Pós-graduação completa;Ensino fundamental Completo;15
Concludente/Egresso;Pau dos Ferros - Noturno;2021.1;2021.2;Não, esse foi o curso que consegui ingressar;Não;Pública;Escola Estadual;Pública;Municipal;Jaguaribe-ce;Não;Não;Feminino;Pardo;Solteiro;Não;Não;Entre 501 e 1000 reais;Não;Aprovado em todas as disciplinas;Não;Sim;Sim;Sim;Sim;Sim;Sim;Não;Sim;Ensino médio completo;Ensino fundamental incompleto;16
Concludente/Egresso;Angicos - Diurno;2020.1;2021.2;Não, esse foi o curso que consegui ingressar;Não;privada;;Privada;;Caicó/RN;Sim;Não;Feminino;Pardo;Solteiro;Não;Não;Entre 2001 e 2500 reais;Não;Aprovado em todas as disciplinas;Sim;Sim;Sim;Sim;Sim;Não;Não;Não;Não;Ensino médio completo;Ensino médio completo;17
Evadido/Desistente;Caraúbas - Diurno;2021.1;2021.1;Não, esse foi o curso que consegui ingressar;Sim;Pública;Escola Estadual;Pública;Escola Estadual;Rio Grande do Norte;Sim;Não;Feminino;Amarelo;Solteiro;Não;Não;Menos de 500 reais;Não;Reprovado em uma disciplina;Sim;Sim;Sim;Sim;Sim;Sim;Sim;Não;Não;Ensino fundamental incompleto;Ensino fundamental incompleto;18
Concludente/Egresso;Mossoró - Diurno;2015.1;2018.2;Sim, sempre quis cursar CeT;Sim;Pública;Escola Estadual;Privada;;Baturité/CE;Sim;Não;Masculino;Branco;Solteiro;Não;Sim;Entre 2001 e 2500 reais;Não;Reprovado em uma disciplina;Não;Não;Não;Sim;Não;Sim;Sim;Não;Sim;Ensino superior Completo;Ensino médio completo;19
Concludente/Egresso;Mossoró - Noturno;2021.1;2021.2;Sim, sempre quis cursar CeT;Sim;Pública;Escola Estadual;Pública;Municipal;Quixadá, Ceará;Sim;Não;Masculino;Negro;Solteiro;Não;Não;Menos de 500 reais;Não;Reprovado em uma disciplina;Sim;Sim;Sim;Sim;Sim;Não;Sim;Sim;Não;Ensino superior incompleto;Ensino fundamental incompleto;20
Concludente/Egresso;Mossoró - Diurno;2021.1;2021.2;Não, esse foi o curso que consegui ingressar;Não;Pública;Escola Estadual;Pública;Escola Estadual;Mossoró-RN ;Eu já morava na mesma cidade;Não;Feminino;Pardo;Solteiro;Não;Não;Entre 1001 e 1500 reais;Sim;Aprovado em todas as disciplinas;Não;Sim;Sim;Não;Sim;Sim;Não;Não;Não;Ensino médio incompleto;Ensino médio incompleto;21
Concludente/Egresso;Pau dos Ferros - Noturno;2021-1;2021-2;Sim, sempre quis cursar CeT;Sim;Pública;Escola Estadual;Privada;;Iguatu;Sim;Não;Masculino;Branco;Solteiro;Não;Não;Acima de 3000 reais;Não;Aprovado em todas as disciplinas;Sim;Não;Sim;Sim;Sim;Sim;Sim;Sim;Não;Ensino fundamental Completo;Ensino superior Completo;22
Concludente/Egresso;Mossoró - Diurno;2020.2;2021.1;Sim, sempre quis cursar CeT;Sim;privada;;Privada;;Umarizal;Sim;Não;Masculino;Branco;Solteiro;Sim;Não;Acima de 3000 reais;Não;Reprovado em uma disciplina;Não;Sim;Sim;Sim;Sim;Não;Não;Não;Sim;Ensino fundamental Completo;Ensino médio completo;23
Concludente/Egresso;Angicos - Noturno;2018.1;2021.1;Sim, sempre quis cursar CeT;Sim;Pública;Escola Estadual;Pública;Escola Estadual;Caicó/RN;Sim;Não;Masculino;Pardo;Solteiro;Sim;Sim;Entre 501 e 1000 reais;Não;Aprovado em todas as disciplinas;Sim;Sim;Sim;Não;Não;Não;Sim;Não;Sim;Ensino médio completo;Ensino médio completo;24
Concludente/Egresso;Angicos - Noturno;2020.1;2021.1;Sim, sempre quis cursar CeT;Sim;privada;;Privada;;Caicó/RN;Sim;Não;Masculino;Branco;Solteiro;Não;Sim;Entre 501 e 1000 reais;Sim;Aprovado em todas as disciplinas;Não;Não;Sim;Não;Sim;Sim;Não;Não;Não;Pós-graduação completa;Ensino superior incompleto;25
Concludente/Egresso;Mossoró - Diurno;2015.1;2017.2;Sim, sempre quis cursar CeT;Sim;Pública;Instituto Federal;Pública;Municipal;Rio Grande do Norte ;Não;Não;Masculino;Pardo;Casado;Não;Sim;Entre 2001 e 2500 reais;Sim;Aprovado em todas as disciplinas;Sim;Não;Não;Não;Sim;Sim;Não;Não;Sim;Ensino superior Completo;Ensino fundamental incompleto;26
Concludente/Egresso;Mossoró - Noturno;2016.2;2021.1;Sim, sempre quis cursar CeT;Não;Pública;Escola Estadual;Pública;Municipal;Mossoró;Eu já morava na mesma cidade;Não;Masculino;Branco;Solteiro;Não;Sim;Entre 1501 e 2000 reais;Não;Aprovado em todas as disciplinas;Não;Não;Não;Não;Sim;Sim;Não;Não;Sim;Ensino médio completo;Ensino médio completo;27
Concludente/Egresso;Caraúbas - Noturno;2014.1;Me encontro no 2021.1;Sim, sempre quis cursar CeT;Sim;Pública;Escola Estadual;Pública;Escola Estadual;Janduís-RN ;Não;Não;Masculino;Pardo;Casado;Sim;Sim;Entre 1001 e 1500 reais;Não;Reprovado em cinco ou mais disciplinas;Não;Não;Sim;Sim;Sim;Sim;Não;Não;Sim;Pós-graduação completa;Ensino fundamental incompleto;28
Concludente/Egresso;Mossoró - Noturno;2015.1;2018.2;Sim, sempre quis cursar CeT;Sim;Pública;Instituto Federal;Pública;Municipal;Mossoró;Não;Não;Masculino;Negro;Solteiro;Não;Sim;Entre 2501 e 3000 reais;Não;Aprovado em todas as disciplinas;Sim;Não;Sim;Não;Não;Sim;Não;Não;Sim;Ensino fundamental incompleto;Ensino médio completo;29
Concludente/Egresso;Mossoró - Diurno;2013.1;2017.2;Não, esse foi o curso que consegui ingressar;Não;privada;;Privada;;Ceará;Não;Sim;Feminino;Branco;Solteiro;Não;Sim;Menos de 500 reais;Sim;Reprovado em uma disciplina;Não;Não;Sim;Não;Não;Sim;Sim;Não;Não;Ensino médio completo;Ensino médio completo;30
Concludente/Egresso;Mossoró - Diurno;2009.1;2011.2;Sim, sempre quis cursar CeT;Sim;privada;;Privada;;Mossoró - RN;Eu já morava na mesma cidade;Não;Masculino;Prefiro não informar;Solteiro;Não;Sim;Entre 2001 e 2500 reais;Sim;Aprovado em todas as disciplinas;Sim;Não;Não;Não;Sim;Sim;Não;Não;Não;Ensino superior Completo;Ensino superior incompleto;31
Concludente/Egresso;Mossoró - Noturno;2017.1;2020.1;Sim, sempre quis cursar CeT;Não;Pública;Escola Estadual;Pública;Municipal;Limoeiro do norte- Ceará ;Sim;Não;Feminino;Negro;Solteiro;Não;Não;Entre 2501 e 3000 reais;Sim;Aprovado em todas as disciplinas;Não;Sim;Sim;Não;Sim;Sim;Sim;Não;Sim;Ensino fundamental incompleto;Ensino médio completo;32
Concludente/Egresso;Mossoró - Diurno;2014.2;2018.1;Não, esse foi o curso que consegui ingressar;Sim;Pública;Escola Estadual;Pública;Escola Estadual;Ceará;Sim;Sim;Feminino;Pardo;Solteiro;Não;Sim;Entre 1001 e 1500 reais;Sim;Reprovado em duas disciplinas;Sim;Não;Sim;Não;Sim;Sim;Não;Não;Não;Ensino médio incompleto;Ensino fundamental incompleto;33
Concludente/Egresso;Mossoró - Diurno;2018.1;2021.2;Sim, sempre quis cursar CeT;Não;privada;;Pública;Municipal;Mossoró/RN;Eu já morava na mesma cidade;Não;Masculino;Branco;Solteiro;Não;Não;Entre 1001 e 1500 reais;Sim;Aprovado em todas as disciplinas;Sim;Não;Não;Não;Sim;Sim;Não;Não;Não;Ensino médio completo;Ensino médio completo;34
Evadido/Desistente;Mossoró - Diurno;2010.2;2011.2;Sim, sempre quis cursar CeT;Não;Pública;Escola Estadual;Pública;Escola Estadual;Pau dos Ferros/RN;Sim;Sim;Masculino;Branco;Solteiro;Não;Não;Entre 501 e 1000 reais;Sim;Reprovado em cinco ou mais disciplinas;Não;Não;Não;Não;Sim;Sim;Sim;Não;Sim;Ensino médio completo;Ensino fundamental Completo;35
Concludente/Egresso;Pau dos Ferros - Noturno;2016.2;2021.1;Sim, sempre quis cursar CeT;Não;Pública;Escola Estadual;Pública;Municipal;RN;Não;Sim;Masculino;Negro;Solteiro;Não;Sim;Entre 1001 e 1500 reais;Sim;Reprovado em uma disciplina;Não;Não;Não;Não;Não;Sim;Não;Não;Não;Ensino médio completo;Ensino médio completo;36
Concludente/Egresso;Mossoró - Diurno;2019.1;Indo 2021.2;Não, esse foi o curso que consegui ingressar;Sim;Pública;Escola Estadual;Pública;Municipal;Itaiçaba-CE ;Sim;Não;Masculino;Branco;Solteiro;Não;Não;Menos de 500 reais;Sim;Aprovado em todas as disciplinas;Sim;Sim;Sim;Sim;Sim;Sim;Não;Não;Não;Ensino médio incompleto;Ensino fundamental incompleto;37
Concludente/Egresso;Angicos - Diurno;2015.1;2018.2;Sim, sempre quis cursar CeT;Não;Pública;Escola Estadual;Pública;Municipal;Assu/RN;Não;Não;Masculino;Pardo;Solteiro;Não;Não;Entre 501 e 1000 reais;Sim;Reprovado em uma disciplina;Sim;Não;Sim;Sim;Não;Sim;Não;Não;Sim;Ensino primário incompleto;Ensino primário incompleto;38
Concludente/Egresso;Caraúbas - Diurno;2021.1;2021.2;Não, esse foi o curso que consegui ingressar;Não;Pública;Escola Estadual;Pública;Escola Estadual;Patu RN;Sim;Não;Masculino;Pardo;Solteiro;Não;Não;Entre 501 e 1000 reais;Sim;Reprovado em uma disciplina;Não;Sim;Sim;Sim;Não;Sim;Sim;Não;Sim;Ensino fundamental incompleto;Ensino fundamental incompleto;39
Concludente/Egresso;Mossoró - Diurno;2021.1;2022.1;Não, esse foi o curso que consegui ingressar;Sim;Pública;Escola Estadual;Pública;Escola Estadual;Mossoró;Eu já morava na mesma cidade;Não;Masculino;Pardo;Solteiro;Não;Sim;Entre 1001 e 1500 reais;Não;Aprovado em todas as disciplinas;Sim;Sim;Sim;Sim;Sim;Não;Sim;Sim;Sim;Ensino fundamental incompleto;Ensino fundamental incompleto;40
Concludente/Egresso;Pau dos Ferros - Noturno;2015.2;2018.2;Sim, sempre quis cursar CeT;Não;Pública;Escola Estadual;Pública;Municipal;RN;Não;Não;Masculino;Branco;Solteiro;Não;Sim;Menos de 500 reais;Sim;Reprovado em duas disciplinas;Sim;Não;Não;Não;Não;Sim;Sim;Não;Sim;Ensino fundamental incompleto;Ensino primário incompleto;41
Evadido/Desistente;Mossoró - Noturno;2020.1;2020.2;Sim, sempre quis cursar CeT;Sim;Pública;Escola Estadual;Pública;Escola Estadual;Mossoró;Eu já morava na mesma cidade;Não;Masculino;Branco;Casado;Sim;Sim;Entre 1001 e 1500 reais;Não;Reprovado em cinco ou mais disciplinas;Sim;Sim;Sim;Sim;Sim;Sim;Sim;Sim;Sim;Ensino médio completo;Ensino superior Completo;42
Evadido/Desistente;Caraúbas - Noturno;2010.2;2011.1;Não, esse foi o curso que consegui ingressar;Não;privada;;Privada;;Fortaleza ceara ;Sim;Não;Feminino;Branco;Solteiro;Não;Sim;Entre 1501 e 2000 reais;Não;Reprovado em uma disciplina;Não;Não;Não;Não;Não;Não;Não;Não;Sim;Pós-graduação completa;Pós-graduação completa;43
Evadido/Desistente;Pau dos Ferros - Diurno;2015.2;2016.1;Não, esse foi o curso que consegui ingressar;Sim;privada;;Privada;;Iguatu-CE;Sim;Não;Masculino;Branco;Solteiro;Não;Sim;Acima de 3000 reais;Sim;Reprovado em uma disciplina;Sim;Não;Sim;Não;Sim;Não;Sim;Sim;Sim;Ensino médio completo;Ensino superior Completo;44
Concludente/Egresso;Pau dos Ferros - Noturno;2017.2;2021.2;Não, esse foi o curso que consegui ingressar;Não;Pública;Instituto Federal;Pública;Municipal;Agua nova;Não;Não;Feminino;Pardo;Solteiro;Não;Sim;Entre 1001 e 1500 reais;Sim;Reprovado em quatro disciplinas;Não;Não;Não;Não;Sim;Sim;Não;Não;Não;Ensino fundamental incompleto;Ensino superior Completo;45
Concludente/Egresso;Mossoró - Noturno;2016.1;2021.1;Não, esse foi o curso que consegui ingressar;Não;Pública;Escola Estadual;Pública;Municipal;Icapuí/CE;Não;Não;Masculino;Branco;Solteiro;Não;Sim;Entre 1001 e 1500 reais;Não;Reprovado em duas disciplinas;Não;Não;Sim;Sim;Sim;Sim;Não;Não;Não;Ensino fundamental Completo;Ensino fundamental Completo;46
Concludente/Egresso;Mossoró - Diurno;2019.2;2021.2;Sim, sempre quis cursar CeT;Sim;Pública;Instituto Federal;Pública;Escola Estadual;Mossoró;Eu já morava na mesma cidade;Não;Feminino;Pardo;Solteiro;Não;Não;Entre 1001 e 1500 reais;Sim;Reprovado em uma disciplina;Sim;Sim;Sim;Sim;Sim;Sim;Sim;Não;Não;Ensino médio completo;Ensino médio completo;47
Concludente/Egresso;Caraúbas - Diurno;2018.2;2021.2;Não, esse foi o curso que consegui ingressar;Não;Pública;Escola Estadual;Pública;Municipal;Rio Grande do Norte ;Sim;Não;Feminino;Pardo;Solteiro;Não;Não;Menos de 500 reais;Sim;Aprovado em todas as disciplinas;Não;Sim;Não;Não;Não;Sim;Não;Não;Sim;Ensino fundamental incompleto;Ensino fundamental incompleto;48
Concludente/Egresso;Angicos - Diurno;2020.2;2021.2;Sim, sempre quis cursar CeT;Não;Pública;Instituto Federal;Privada;;Pendências/RN;Não;Não;Feminino;Pardo;Solteiro;Não;Sim;Entre 1001 e 1500 reais;Sim;Aprovado em todas as disciplinas;Sim;Sim;Sim;Sim;Sim;Sim;Não;Não;Sim;Ensino médio completo;Ensino superior incompleto;49
Concludente/Egresso;Mossoró - Diurno;2018.2;2022.1;Sim, sempre quis cursar CeT;Não;privada;;Pública;Municipal;Catolé do Rocha/PB;Sim;Não;Masculino;Pardo;Solteiro;Não;Não;Entre 1001 e 1500 reais;Sim;Reprovado em duas disciplinas;Sim;Sim;Sim;Sim;Sim;Sim;Não;Não;Sim;Ensino médio incompleto;Ensino fundamental incompleto;50
Concludente/Egresso;Caraúbas - Diurno;2021.1;2021.2;Sim, sempre quis cursar CeT;Sim;Pública;Escola Estadual;Pública;Escola Estadual;Lucrécia RN;Sim;Não;Masculino;Branco;Solteiro;Não;Não;Entre 501 e 1000 reais;Sim;Aprovado em todas as disciplinas;Sim;Sim;Sim;Não;Sim;Sim;Sim;Não;Sim;Pós-graduação completa;Pós-graduação completa;51
Evadido/Desistente;Caraúbas - Diurno;2021.1;2021.1;Não, esse foi o curso que consegui ingressar;Sim;Pública;Escola Estadual;Pública;Escola Estadual;Caicó RN;Não;Não;Masculino;Branco;Solteiro;Não;Sim;Entre 1001 e 1500 reais;Não;Reprovado em cinco ou mais disciplinas;Não;Sim;Sim;Sim;Sim;Não;Não;Sim;Não;Ensino primário incompleto;Ensino médio completo;52
Concludente/Egresso;Pau dos Ferros - Noturno;2017.1;2021.2;Não, esse foi o curso que consegui ingressar;Sim;privada;;Privada;;Bom Sucesso - PB;Eu já morava na mesma cidade;Não;Masculino;Pardo;Solteiro;Não;Não;Entre 1501 e 2000 reais;Não;Reprovado em uma disciplina;Não;Não;Sim;Não;Não;Não;Não;Sim;Não;Ensino superior Completo;Ensino fundamental Completo;53
Evadido/Desistente;Caraúbas - Diurno;2021.1;2021.1;Não, esse foi o curso que consegui ingressar;Não;Pública;Escola Estadual;Pública;Municipal;Caraubas;Eu já morava na mesma cidade;Não;Feminino;Negro;Solteiro;Não;Não;Entre 1001 e 1500 reais;Sim;Reprovado em duas disciplinas;Sim;Sim;Não;Sim;Sim;Sim;Não;Não;Sim;Ensino fundamental incompleto;Ensino fundamental incompleto;54
Concludente/Egresso;Mossoró - Noturno;2019.2;2021.1;Não, esse foi o curso que consegui ingressar;Sim;privada;;Privada;;Mossoro;Eu já morava na mesma cidade;Não;Masculino;Pardo;Casado;Sim;Sim;Entre 2001 e 2500 reais;Não;Aprovado em todas as disciplinas;Sim;Sim;Sim;Sim;Sim;Não;Sim;Não;Não;Ensino médio completo;Ensino superior Completo;55
Concludente/Egresso;Mossoró - Noturno;2021.1;2021.2;Sim, sempre quis cursar CeT;Não;Pública;Escola Estadual;Pública;Municipal;Ceará;Não;Não;Masculino;Negro;Solteiro;Não;Sim;Entre 1001 e 1500 reais;Não;Reprovado em uma disciplina;Sim;Sim;Sim;Sim;Sim;Não;Sim;Não;Não;Ensino médio completo;Ensino fundamental incompleto;56
Concludente/Egresso;Caraúbas - Diurno;2019.1;2021.2;Não, esse foi o curso que consegui ingressar;Sim;Pública;Escola Estadual;Pública;Municipal;Patu/RN;Sim;Sim;Masculino;Pardo;Solteiro;Não;Não;Entre 1001 e 1500 reais;Sim;Reprovado em quatro disciplinas;Não;Não;Não;Sim;Não;Sim;Não;Não;Não;Ensino médio completo;Ensino médio completo;57
Concludente/Egresso;Caraúbas - Diurno;2017.2;2021.1;Sim, sempre quis cursar CeT;Não;Pública;Instituto Federal;Pública;Escola Estadual;Uirauna-PB ;Sim;Não;Feminino;Branco;Solteiro;Não;Sim;Entre 2501 e 3000 reais;Não;Reprovado em uma disciplina;Sim;Não;Sim;Sim;Sim;Sim;Sim;Não;Sim;Ensino fundamental incompleto;Ensino fundamental incompleto;58
Concludente/Egresso;Mossoró - Diurno;2021.1;2021.2;Sim, sempre quis cursar CeT;Sim;Pública;Escola Estadual;Privada;;Parnamirim, RN;Sim;Não;Masculino;Pardo;Solteiro;Não;Não;Acima de 3000 reais;Não;Reprovado em cinco ou mais disciplinas;Sim;Sim;Sim;Sim;Sim;Sim;Sim;Não;Sim;Pós-graduação completa;Ensino médio incompleto;59
Concludente/Egresso;Caraúbas - Diurno;2018.2;2021.2;Não, esse foi o curso que consegui ingressar;Não;Pública;Escola Estadual;Pública;Municipal;Paulistana/PI;Sim;Não;Masculino;Pardo;Solteiro;Não;Não;Entre 1001 e 1500 reais;Sim;Reprovado em duas disciplinas;Não;Sim;Sim;Não;Não;Sim;Não;Sim;Sim;Ensino médio completo;Ensino fundamental Completo;60
Concludente/Egresso;Angicos - Diurno;2012.2;2022.1;Não, esse foi o curso que consegui ingressar;Não;Pública;Escola Estadual;Pública;Municipal;Santo Antônio Rn;Sim;Não;Masculino;Amarelo;Casado;Não;Sim;Entre 1001 e 1500 reais;Sim;Reprovado em quatro disciplinas;Não;Não;Não;Não;Sim;Sim;Não;Não;Sim;Ensino fundamental incompleto;Ensino fundamental incompleto;61
Evadido/Desistente;Mossoró - Diurno;2019.1;2021.1;Não, esse foi o curso que consegui ingressar;Não;Pública;Escola Estadual;Pública;Escola Estadual;Mossoró/RN;Eu já morava na mesma cidade;Não;Masculino;Pardo;Solteiro;Não;Não;Entre 501 e 1000 reais;Não;Reprovado em uma disciplina;Sim;Sim;Sim;Sim;Sim;Não;Sim;Sim;Não;Ensino médio completo;Ensino médio completo;62
Concludente/Egresso;Pau dos Ferros - Noturno;2019.2;2021.2;Sim, sempre quis cursar CeT;Sim;privada;;Privada;;João Pessoa;Sim;Não;Masculino;Pardo;Solteiro;Não;Não;Entre 2501 e 3000 reais;Sim;Aprovado em todas as disciplinas;Não;Não;Sim;Não;Não;Sim;Não;Não;Não;Ensino médio completo;Ensino fundamental incompleto;63
Concludente/Egresso;Caraúbas - Diurno;2020.2;2021.1;Sim, sempre quis cursar CeT;Sim;Pública;Escola Estadual;Pública;Escola Estadual;Caraubas/RN;Eu já morava na mesma cidade;Não;Masculino;Pardo;Solteiro;Não;Sim;Menos de 500 reais;Não;Aprovado em todas as disciplinas;Sim;Sim;Sim;Sim;Sim;Sim;Não;Não;Sim;Ensino fundamental incompleto;Ensino primário incompleto;64
Concludente/Egresso;Mossoró - Noturno;2016.2;2021.2;Sim, sempre quis cursar CeT;Não;Pública;Escola Estadual;Pública;Municipal;Felipe guerra ;Sim;Sim;Masculino;Negro;Solteiro;Sim;Não;Entre 501 e 1000 reais;Não;Reprovado em duas disciplinas;Não;Sim;Sim;Não;Sim;Sim;Não;Não;Sim;Ensino médio incompleto;Ensino médio incompleto;65
Concludente/Egresso;Caraúbas - Diurno;2021.1;2021.2;Sim, sempre quis cursar CeT;Não;Pública;Escola Estadual;Privada;Municipal;catolé do rocha;Não;Não;Masculino;Branco;Solteiro;Não;Não;Entre 1501 e 2000 reais;Não;Reprovado em uma disciplina;Não;Sim;Sim;Não;Sim;Sim;Sim;Sim;Não;Ensino médio completo;Ensino médio incompleto;66
Concludente/Egresso;Angicos - Diurno;2021.2;2021.1;Sim, sempre quis cursar CeT;Sim;privada;;Privada;;Natal;Não;Não;Masculino;Negro;Casado;Sim;Sim;Acima de 3000 reais;Não;Aprovado em todas as disciplinas;Sim;Sim;Sim;Sim;Sim;Não;Não;Não;Não;Ensino fundamental Completo;Ensino fundamental Completo;67
Concludente/Egresso;Mossoró - Noturno;2019.1;2021.2;Sim, sempre quis cursar CeT;Não;Pública;Escola Estadual;Pública;Escola Estadual;Mossoró;Eu já morava na mesma cidade;Não;Feminino;Branco;Solteiro;Não;Sim;Entre 2001 e 2500 reais;Não;Reprovado em duas disciplinas;Sim;Sim;Sim;Não;Não;Não;Não;Não;Sim;Ensino fundamental incompleto;Ensino médio completo;68
Concludente/Egresso;Caraúbas - Noturno;2021.1;2022.2;Sim, sempre quis cursar CeT;Não;Pública;Escola Estadual;Pública;Escola Estadual;Caraubas rn;Eu já morava na mesma cidade;Não;Masculino;Pardo;Solteiro;Não;Não;Menos de 500 reais;Não;Reprovado em duas disciplinas;Sim;Sim;Sim;Sim;Sim;Não;Sim;Não;Sim;Ensino fundamental incompleto;Ensino médio completo;69
Concludente/Egresso;Mossoró - Noturno;2018.2;2021.2;Não, esse foi o curso que consegui ingressar;Não;Pública;Escola Estadual;Pública;Municipal;Quixeré, CE;Não;Sim;Masculino;Branco;Solteiro;Não;Não;Entre 501 e 1000 reais;Sim;Aprovado em todas as disciplinas;Sim;Sim;Sim;Sim;Sim;Não;Não;Sim;Não;Ensino fundamental incompleto;Ensino médio incompleto;70
Concludente/Egresso;Mossoró - Diurno;2017.1;2021.2;Não, esse foi o curso que consegui ingressar;Não;Pública;Instituto Federal;Privada;;Mossoró/RN;Eu já morava na mesma cidade;Não;Feminino;Branco;Solteiro;Sim;Não;Acima de 3000 reais;Não;Reprovado em duas disciplinas;Não;Sim;Sim;Não;Sim;Não;Sim;Não;Sim;Ensino médio completo;Ensino superior Completo;71
Concludente/Egresso;Mossoró - Diurno;2016.1;2021.1;Sim, sempre quis cursar CeT;Não;privada;;Privada;;Fortaleza-CE;Sim;Não;Masculino;Branco;Solteiro;Não;Não;Entre 501 e 1000 reais;Não;Reprovado em duas disciplinas;Sim;Sim;Sim;Sim;Sim;Sim;Não;Não;Não;Ensino médio completo;Ensino médio completo;72
Concludente/Egresso;Pau dos Ferros - Noturno;2018.2;2021.2;Sim, sempre quis cursar CeT;Sim;privada;;Pública;Escola Estadual;Pau dos Ferros;Eu já morava na mesma cidade;Não;Feminino;Branco;Solteiro;Não;Não;Entre 1501 e 2000 reais;Não;Aprovado em todas as disciplinas;Não;Não;Não;Não;Sim;Sim;Não;Não;Sim;Ensino médio incompleto;Ensino fundamental incompleto;73
Concludente/Egresso;Mossoró - Diurno;2019.2;2020.2;Não, esse foi o curso que consegui ingressar;Não;privada;;Privada;;Areia Branca - RN;Não;Não;Feminino;Negro;Solteiro;Não;Não;Entre 2001 e 2500 reais;Não;Aprovado em todas as disciplinas;Sim;Sim;Sim;Sim;Sim;Não;Não;Não;Sim;Ensino superior Completo;Ensino médio completo;74
Concludente/Egresso;Caraúbas - Noturno;2020.2;2021.2;Sim, sempre quis cursar CeT;Sim;privada;Escola Estadual;Pública;Escola Estadual;Mossoró;Não;Não;Masculino;Branco;Solteiro;Não;Sim;Entre 1501 e 2000 reais;Não;Reprovado em uma disciplina;Sim;Sim;Sim;Sim;Sim;Sim;Sim;Não;Não;Ensino médio completo;Ensino médio completo;75
Concludente/Egresso;Caraúbas - Noturno;2015.2;2021.1;Não, esse foi o curso que consegui ingressar;Sim;privada;;Privada;;Apodi - RN;Sim;Não;Feminino;Pardo;Solteiro;Não;Não;Entre 501 e 1000 reais;Sim;Reprovado em uma disciplina;Sim;Não;Sim;Não;Não;Sim;Não;Não;Sim;Ensino médio incompleto;Ensino médio incompleto;76
Evadido/Desistente;Mossoró - Noturno;2015.1;2017.1;Sim, sempre quis cursar CeT;Sim;Pública;Instituto Federal;Privada;;Caicó;Sim;Não;Masculino;Pardo;Solteiro;Não;Não;Menos de 500 reais;Não;Reprovado em quatro disciplinas;Não;Não;Não;Não;Não;Sim;Não;Não;Sim;Ensino médio completo;Ensino médio completo;77
Concludente/Egresso;Caraúbas - Diurno;2021.1;2021.2;Sim, sempre quis cursar CeT;Não;Pública;Instituto Federal;Pública;Municipal;Campo grande;Não;Não;Masculino;Pardo;Solteiro;Não;Não;Menos de 500 reais;Não;Aprovado em todas as disciplinas;Sim;Sim;Sim;Sim;Sim;Não;Sim;Não;Não;Ensino fundamental incompleto;Ensino fundamental incompleto;78
Concludente/Egresso;Caraúbas - Diurno;2020.1;2021.1;Sim, sempre quis cursar CeT;Não;Pública;Escola Estadual;Pública;Municipal;São bento - PB;Sim;Não;Feminino;Pardo;Solteiro;Não;Não;Entre 501 e 1000 reais;Sim;Aprovado em todas as disciplinas;Sim;Sim;Sim;Sim;Sim;Não;Sim;Não;Sim;Ensino fundamental incompleto;Ensino primário incompleto;79
Concludente/Egresso;Mossoró - Diurno;2020.1;2021.2;Sim, sempre quis cursar CeT;Não;privada;;Privada;;Mossoró RN;Eu já morava na mesma cidade;Não;Masculino;Pardo;Solteiro;Não;Não;Acima de 3000 reais;Não;Aprovado em todas as disciplinas;Não;Sim;Sim;Não;Sim;Sim;Sim;Sim;Sim;Pós-graduação completa;Ensino superior Completo;80
Evadido/Desistente;Mossoró - Diurno;2013.1;2014.2;Não, esse foi o curso que consegui ingressar;Não;privada;;Privada;;Baraúna RN;Não;Não;Feminino;Branco;Solteiro;Não;Não;Acima de 3000 reais;Sim;Reprovado em duas disciplinas;Sim;Não;Sim;Não;Sim;Sim;Não;Não;Sim;Ensino fundamental incompleto;Pós-graduação completa;81
Concludente/Egresso;Caraúbas - Noturno;2020.2;2021.2;Não, esse foi o curso que consegui ingressar;Sim;Pública;Escola Estadual;Pública;Escola Estadual;Governador Dix Sept Rosado/RN;Não;Não;Masculino;Pardo;Solteiro;Não;Não;Entre 1001 e 1500 reais;Não;Aprovado em todas as disciplinas;Não;Não;Não;Não;Sim;Sim;Sim;Não;Sim;Ensino fundamental incompleto;Ensino fundamental incompleto;82
Concludente/Egresso;Caraúbas - Noturno;2021.1;2021.2;Sim, sempre quis cursar CeT;Sim;Pública;Escola Estadual;Pública;Municipal;Mossoró RN;Não;Não;Masculino;Negro;Casado;Sim;Sim;Entre 1001 e 1500 reais;Não;Aprovado em todas as disciplinas;Não;Não;Sim;Sim;Sim;Não;Não;Não;Não;Ensino superior incompleto;Ensino médio completo;83
Concludente/Egresso;Angicos - Noturno;2014.2;2019.2;Não, esse foi o curso que consegui ingressar;Sim;Pública;Escola Estadual;Pública;Escola Estadual;Caicó/RN;Sim;Não;Masculino;Pardo;Solteiro;Não;Não;Entre 501 e 1000 reais;Sim;Aprovado em todas as disciplinas;Sim;Sim;Sim;Sim;Sim;Sim;Sim;Não;Não;Ensino médio incompleto;Ensino superior Completo;84
Concludente/Egresso;Mossoró - Noturno;2020.1;2021.2;Sim, sempre quis cursar CeT;Não;Pública;Escola Estadual;Privada;;Mossoró/RN;Eu já morava na mesma cidade;Não;Masculino;Pardo;Solteiro;Não;Não;Entre 1501 e 2000 reais;Não;Aprovado em todas as disciplinas;Sim;Não;Sim;Sim;Sim;Sim;Sim;Não;Sim;Ensino médio completo;Ensino fundamental incompleto;85
Evadido/Desistente;Mossoró - Diurno;2008.2;2009.2;Não, esse foi o curso que consegui ingressar;Não;privada;;Pública;Escola Estadual;Mossoró/RN;Eu já morava na mesma cidade;Não;Masculino;Pardo;Casado;Não;Sim;Entre 1001 e 1500 reais;Sim;Reprovado em cinco ou mais disciplinas;Não;Não;Não;Sim;Sim;Sim;Sim;Não;Sim;Pós-graduação completa;Ensino médio completo;86
Concludente/Egresso;Mossoró - Diurno;2017.2;2021.1;Sim, sempre quis cursar CeT;Sim;privada;;Privada;;Mossoró/RN;Eu já morava na mesma cidade;Não;Feminino;Prefiro não informar;Solteiro;Não;Não;Entre 2501 e 3000 reais;Sim;Aprovado em todas as disciplinas;Sim;Sim;Sim;Sim;Não;Sim;Não;Não;Sim;Ensino médio incompleto;Ensino médio completo;87
Concludente/Egresso;Mossoró - Diurno;2018.1;2021.2;Sim, sempre quis cursar CeT;Sim;Pública;Escola Estadual;Pública;Municipal;Beberibe-CeE;Sim;Não;Masculino;Negro;Solteiro;Não;Não;Menos de 500 reais;Sim;Reprovado em uma disciplina;Não;Não;Sim;Sim;Sim;Sim;Não;Não;Sim;Ensino fundamental incompleto;Ensino fundamental incompleto;88
Concludente/Egresso;Mossoró - Diurno;2011.1;2013.2;Não, esse foi o curso que consegui ingressar;Sim;privada;;Pública;Municipal;Ceará;Sim;Sim;Masculino;Branco;Casado;Não;Sim;Entre 2501 e 3000 reais;Sim;Aprovado em todas as disciplinas;Não;Não;Não;Não;Sim;Sim;Sim;Não;Sim;Pós-graduação completa;Ensino médio completo;89
Evadido/Desistente;Mossoró - Noturno;2021.2;1;Não, esse foi o curso que consegui ingressar;Sim;Pública;Escola Estadual;Pública;Municipal;Mossoró;Eu já morava na mesma cidade;Não;Masculino;Pardo;Solteiro;Não;Não;Entre 501 e 1000 reais;Não;Reprovado em cinco ou mais disciplinas;Não;Não;Sim;Sim;Sim;Não;Não;Não;Não;Ensino superior Completo;Ensino médio completo;90
Concludente/Egresso;Caraúbas - Noturno;2016.1;2019.2;Não, esse foi o curso que consegui ingressar;Não;Pública;Instituto Federal;Pública;Municipal;Caraúbas;Eu já morava na mesma cidade;Não;Masculino;Branco;Solteiro;Não;Não;Entre 501 e 1000 reais;Não;Aprovado em todas as disciplinas;Sim;Não;Sim;Não;Sim;Sim;Não;Não;Sim;Ensino fundamental Completo;Ensino médio completo;91
Concludente/Egresso;Mossoró - Noturno;2019.2;2021.2;Não, esse foi o curso que consegui ingressar;Sim;Pública;Escola Estadual;Pública;Escola Estadual;Mossoró ;Eu já morava na mesma cidade;Não;Masculino;Branco;Solteiro;Não;Sim;Entre 2501 e 3000 reais;Não;Reprovado em duas disciplinas;Não;Sim;Sim;Não;Sim;Não;Sim;Sim;Não;Ensino médio incompleto;Ensino superior incompleto;92
Concludente/Egresso;Mossoró - Noturno;2017.1;2021.2;Sim, sempre quis cursar CeT;Sim;privada;;Privada;;Limoeiro do Norte;Sim;Não;Masculino;Branco;Solteiro;Não;Não;Entre 1001 e 1500 reais;Sim;Reprovado em duas disciplinas;Não;Sim;Sim;Sim;Sim;Não;Não;Não;Sim;Ensino médio completo;Ensino superior incompleto;93
Concludente/Egresso;Mossoró - Noturno;2017.2;2021.2;Sim, sempre quis cursar CeT;Sim;privada;;Privada;;Mossoró/RN;Eu já morava na mesma cidade;Não;Masculino;Branco;Solteiro;Não;Não;Acima de 3000 reais;Não;Reprovado em quatro disciplinas;Não;Não;Não;Não;Sim;Sim;Não;Não;Sim;Ensino médio completo;Ensino médio completo;94
Concludente/Egresso;Mossoró - Diurno;2019.1;2021.1;Sim, sempre quis cursar CeT;Sim;Pública;Instituto Federal;Privada;;Bom Sucesso / Paraíba ;Sim;Não;Masculino;Pardo;Solteiro;Não;Não;Entre 1001 e 1500 reais;Sim;Aprovado em todas as disciplinas;Não;Sim;Sim;Sim;Sim;Não;Sim;Não;Não;Ensino superior Completo;Ensino superior Completo;95
Concludente/Egresso;Mossoró - Noturno;2017.1;2022.1;Sim, sempre quis cursar CeT;Não;Pública;Escola Estadual;Privada;;Mossoró;Eu já morava na mesma cidade;Não;Masculino;Pardo;Casado;Sim;Sim;Entre 2501 e 3000 reais;Não;Reprovado em uma disciplina;Sim;Sim;Sim;Não;Sim;Sim;Sim;Sim;Sim;Pós-graduação completa;Ensino fundamental incompleto;96
Concludente/Egresso;Mossoró - Diurno;2021.1;2021.2;Sim, sempre quis cursar CeT;Sim;Pública;Escola Estadual;Privada;Instituto Dantas Monteiro;GROSSOS;Não;Não;Masculino;Branco;Solteiro;Não;Sim;Entre 1001 e 1500 reais;Não;Aprovado em todas as disciplinas;Não;Sim;Sim;Sim;Sim;Sim;Não;Não;Não;Ensino médio completo;Ensino médio completo;97
Evadido/Desistente;Mossoró - Noturno;2013;2018;Não, esse foi o curso que consegui ingressar;Sim;privada;;Privada;;Mossoró/RN;Eu já morava na mesma cidade;Não;Masculino;Pardo;Solteiro;Não;Sim;Acima de 3000 reais;Não;Aprovado em todas as disciplinas;Não;Não;Não;Sim;Sim;Sim;Sim;Sim;Sim;Ensino médio completo;Ensino superior incompleto;98
Concludente/Egresso;Pau dos Ferros - Diurno;2014.2;2020.1;Não, esse foi o curso que consegui ingressar;Não;Pública;Escola Estadual;Pública;Municipal;RN;Sim;Não;Masculino;Branco;Solteiro;Não;Sim;Entre 1001 e 1500 reais;Sim;Reprovado em quatro disciplinas;Não;Não;Sim;Não;Sim;Não;Sim;Não;Sim;Ensino fundamental incompleto;Ensino fundamental incompleto;99
Evadido/Desistente;Mossoró - Diurno;2013.1;2013.2;Não, esse foi o curso que consegui ingressar;Sim;Pública;Escola Estadual;Privada;;Jaguaruana/Ceará;Sim;Não;Masculino;Branco;Solteiro;Não;Não;Entre 1501 e 2000 reais;Não;Reprovado em uma disciplina;Não;Não;Sim;Sim;Sim;Sim;Não;Não;Sim;Ensino médio completo;Ensino fundamental Completo;100
Concludente/Egresso;Caraúbas - Noturno;2018.1;2021.2;Não, esse foi o curso que consegui ingressar;Sim;Pública;Escola Estadual;Pública;Municipal;Campo Grande ;Não;Não;Masculino;Pardo;Solteiro;Não;Não;Entre 501 e 1000 reais;Não;Reprovado em cinco ou mais disciplinas;Não;Não;Não;Não;Não;Sim;Sim;Não;Sim;Ensino fundamental incompleto;Ensino primário incompleto;101
Concludente/Egresso;Angicos - Diurno;2021.1;2021.2;Não, esse foi o curso que consegui ingressar;Não;Pública;Escola Estadual;Pública;Escola Estadual;Rio de Janeiro ;Não;Não;Masculino;Pardo;Solteiro;Não;Não;Entre 1001 e 1500 reais;Não;Reprovado em duas disciplinas;Não;Sim;Não;Não;Não;Sim;Sim;Não;Não;Ensino fundamental incompleto;Ensino fundamental Completo;102
Concludente/Egresso;Mossoró - Diurno;2011.2;2020.2;Não, esse foi o curso que consegui ingressar;Não;Pública;Escola Estadual;Pública;Escola Estadual;Mossoró;Eu já morava na mesma cidade;Não;Masculino;Pardo;Solteiro;Não;Sim;Entre 1501 e 2000 reais;Não;Reprovado em quatro disciplinas;Sim;Não;Não;Não;Sim;Sim;Não;Não;Sim;Ensino médio completo;Pós-graduação completa;103
Concludente/Egresso;Caraúbas - Diurno;2019.2;2021.1;Não, esse foi o curso que consegui ingressar;Não;Pública;Escola Estadual;Pública;Escola Estadual;Brejo dos Santos/PB;Sim;Não;Masculino;Pardo;Casado;Não;Não;Entre 501 e 1000 reais;Sim;Reprovado em uma disciplina;Sim;Sim;Sim;Não;Não;Sim;Não;Não;Não;Ensino médio completo;Ensino médio incompleto;104
Evadido/Desistente;Angicos - Noturno;2013.2;2017.1;Não, esse foi o curso que consegui ingressar;Não;Pública;Instituto Federal;Pública;Municipal;RN;Não;Não;Feminino;Pardo;Casado;Não;Não;Entre 501 e 1000 reais;Não;Reprovado em duas disciplinas;Sim;Sim;Sim;Não;Sim;Sim;Não;Não;Sim;Ensino fundamental incompleto;Ensino fundamental Completo;105
Concludente/Egresso;Pau dos Ferros - Noturno;2018.1;2020.2;Sim, sempre quis cursar CeT;Sim;Pública;Escola Estadual;Pública;Municipal;Coronel João Pessoa/RN;Sim;Não;Masculino;Pardo;Solteiro;Não;Sim;Menos de 500 reais;Sim;Aprovado em todas as disciplinas;Sim;Não;Sim;Não;Sim;Não;Não;Não;Não;Ensino médio completo;Ensino fundamental incompleto;106
Concludente/Egresso;Caraúbas - Diurno;2018.1;2020.2;Não, esse foi o curso que consegui ingressar;Sim;Pública;Instituto Federal;Pública;Municipal;Paulistana PI;Sim;Não;Feminino;Pardo;Solteiro;Não;Não;Menos de 500 reais;Sim;Aprovado em todas as disciplinas;Não;Não;Sim;Não;Não;Sim;Não;Não;Não;Ensino fundamental incompleto;Ensino fundamental incompleto;107
Concludente/Egresso;Angicos - Diurno;2018.1;2021.1;Não, esse foi o curso que consegui ingressar;Não;Pública;Escola Estadual;Privada;;Assu;Sim;Sim;Feminino;Pardo;Solteiro;Não;Não;Entre 501 e 1000 reais;Sim;Reprovado em duas disciplinas;Sim;Sim;Sim;Sim;Sim;Não;Não;Não;Não;Ensino médio incompleto;Ensino médio completo;108
Concludente/Egresso;Angicos - Diurno;2018.1;2021.1;Não, esse foi o curso que consegui ingressar;Não;privada;;Privada;;Assu/RN;Sim;Não;Feminino;Pardo;Solteiro;Não;Não;Entre 1501 e 2000 reais;Sim;Aprovado em todas as disciplinas;Sim;Sim;Sim;Sim;Sim;Não;Não;Não;Sim;Ensino superior Completo;Ensino médio completo;109
Concludente/Egresso;Angicos - Noturno;2018.1;2021.1;Sim, sempre quis cursar CeT;Não;Pública;Escola Estadual;Pública;Escola Estadual;Caicó/RN;Sim;Não;Masculino;Branco;Solteiro;Sim;Não;Entre 1001 e 1500 reais;Não;Aprovado em todas as disciplinas;Sim;Não;Sim;Não;Não;Sim;Não;Não;Sim;Ensino médio completo;Ensino médio completo;110
Concludente/Egresso;Caraúbas - Diurno;2020.1;2021.1;Sim, sempre quis cursar CeT;Não;Pública;Escola Estadual;Privada;;Pernambuco ;Sim;Não;Feminino;Pardo;Solteiro;Não;Sim;Acima de 3000 reais;Não;Aprovado em todas as disciplinas;Não;Não;Não;Sim;Sim;Sim;Não;Sim;Não;Ensino superior incompleto;Ensino fundamental incompleto;111
Concludente/Egresso;Angicos - Diurno;2019.2;2021.2;Não, esse foi o curso que consegui ingressar;Não;Pública;Escola Estadual;Pública;Escola Estadual;Angicos;Eu já morava na mesma cidade;Não;Feminino;Pardo;Solteiro;Não;Não;Entre 1001 e 1500 reais;Não;Reprovado em duas disciplinas;Sim;Não;Sim;Sim;Sim;Não;Não;Não;Sim;Ensino médio completo;Ensino médio completo;112
Concludente/Egresso;Mossoró - Noturno;2014.1;2016.2;Sim, sempre quis cursar CeT;Sim;Pública;Instituto Federal;Privada;;Mossoró/RN;Eu já morava na mesma cidade;Não;Masculino;Branco;Solteiro;Não;Sim;Acima de 3000 reais;Sim;Aprovado em todas as disciplinas;Sim;Não;Sim;Não;Sim;Sim;Sim;Não;Sim;Ensino superior Completo;Ensino superior Completo;113
Concludente/Egresso;Pau dos Ferros - Noturno;2021.1;2021.2;Sim, sempre quis cursar CeT;Sim;Pública;Escola Estadual;Pública;Municipal;Pereiro/Ceará;Não;Não;Feminino;Branco;Solteiro;Não;Sim;Entre 1001 e 1500 reais;Não;Aprovado em todas as disciplinas;Sim;Sim;Sim;Sim;Sim;Não;Sim;Sim;Sim;Ensino fundamental incompleto;Ensino médio incompleto;114
Evadido/Desistente;Mossoró - Diurno;2018.1;2020.2;Sim, sempre quis cursar CeT;Sim;Pública;Escola Estadual;Pública;Municipal;Mossoró/RN;Eu já morava na mesma cidade;Não;Masculino;Branco;Solteiro;Não;Não;Acima de 3000 reais;Sim;Reprovado em duas disciplinas;Não;Não;Não;Sim;Sim;Sim;Não;Não;Sim;Ensino superior Completo;Ensino médio completo;115
Concludente/Egresso;Mossoró - Diurno;2013.2;2017.1;Não, esse foi o curso que consegui ingressar;Não;Pública;Escola Estadual;Pública;Escola Estadual;Almino Afonso ;Sim;Não;Feminino;Branco;Solteiro;Não;Não;Entre 501 e 1000 reais;Sim;Aprovado em todas as disciplinas;Sim;Não;Sim;Não;Sim;Sim;Não;Não;Sim;Ensino fundamental incompleto;Ensino fundamental incompleto;116
Concludente/Egresso;Caraúbas - Diurno;2013.2;2021.1;Não, esse foi o curso que consegui ingressar;Não;Pública;Escola Estadual;Pública;Municipal;CARPMINA/PE;Sim;Sim;Feminino;Pardo;Solteiro;Não;Sim;Entre 1001 e 1500 reais;Sim;Reprovado em cinco ou mais disciplinas;Sim;Não;Sim;Não;Não;Sim;Não;Não;Não;Ensino médio completo;Ensino médio completo;117
Concludente/Egresso;Caraúbas - Diurno;2019.2;2021.1;Não, esse foi o curso que consegui ingressar;Não;Pública;Escola Estadual;Pública;Municipal;Brejo do Cruz / PB;Sim;Não;Masculino;Branco;Solteiro;Não;Não;Entre 501 e 1000 reais;Sim;Reprovado em uma disciplina;Sim;Sim;Sim;Não;Sim;Não;Sim;Não;Não;Ensino fundamental Completo;Ensino médio completo;118
Concludente/Egresso;Mossoró - Diurno;2017.1;2020.2;Não, esse foi o curso que consegui ingressar;Não;privada;;Privada;;Mossoró ;Eu já morava na mesma cidade;Não;Masculino;Branco;Solteiro;Não;Não;Acima de 3000 reais;Sim;Reprovado em uma disciplina;Não;Não;Não;Não;Sim;Sim;Não;Não;Sim;Pós-graduação completa;Ensino médio completo;119
Concludente/Egresso;Angicos - Noturno;2021.1;2021.1;Sim, sempre quis cursar CeT;Não;privada;;Privada;;Macau;Não;Não;Masculino;Pardo;Solteiro;Sim;Sim;Entre 2501 e 3000 reais;Não;Reprovado em uma disciplina;Não;Sim;Sim;Sim;Sim;Não;Sim;Sim;Sim;Ensino médio incompleto;Ensino médio completo;120
Concludente/Egresso;Mossoró - Noturno;2010.1;2014.1;Sim, sempre quis cursar CeT;Não;Pública;Instituto Federal;Pública;Municipal;Mossoró;Eu já morava na mesma cidade;Não;Masculino;Pardo;Solteiro;Não;Sim;Entre 501 e 1000 reais;Não;Aprovado em todas as disciplinas;Não;Sim;Sim;Sim;Sim;Sim;Sim;Não;Não;Ensino médio completo;Ensino médio incompleto;121
Concludente/Egresso;Angicos - Noturno;2021.2;2021.2;Não, esse foi o curso que consegui ingressar;Sim;Pública;Escola Estadual;Pública;Municipal;Alto do Rodrugues/RN;Não;Não;Feminino;Negro;Solteiro;Não;Sim;Entre 1001 e 1500 reais;Não;Aprovado em todas as disciplinas;Sim;Sim;Sim;Sim;Sim;Não;Sim;Sim;Sim;Ensino primário incompleto;Ensino primário incompleto;122
Concludente/Egresso;Mossoró - Diurno;2009.1;2013.1;Sim, sempre quis cursar CeT;Não;privada;;Privada;;MOSSORO RN;Eu já morava na mesma cidade;Não;Masculino;Amarelo;Casado;Não;Sim;Acima de 3000 reais;Não;Aprovado em todas as disciplinas;Sim;Sim;Sim;Sim;Sim;Não;Sim;Não;Não;Ensino médio completo;Ensino fundamental Completo;123
Concludente/Egresso;Mossoró - Noturno;2016.1;2020.2;Sim, sempre quis cursar CeT;Sim;Pública;Escola Estadual;Pública;Escola Estadual;Mossoró/RN;Eu já morava na mesma cidade;Não;Masculino;Pardo;Solteiro;Não;Sim;Acima de 3000 reais;Não;Aprovado em todas as disciplinas;Não;Não;Não;Não;Não;Sim;Não;Não;Sim;Ensino médio completo;Ensino primário incompleto;124
Concludente/Egresso;Pau dos Ferros - Noturno;2021.2;2021.2;Não, esse foi o curso que consegui ingressar;Sim;Pública;Escola Estadual;Pública;Municipal;Riacho da Cruz-RN;Não;Não;Masculino;Branco;Solteiro;Não;Sim;Entre 501 e 1000 reais;Não;Aprovado em todas as disciplinas;Sim;Sim;Sim;Sim;Sim;Não;Sim;Sim;Não;Ensino médio completo;Ensino fundamental incompleto;125
Concludente/Egresso;Angicos - Noturno;2016.2;2021.1;Sim, sempre quis cursar CeT;Não;Pública;Escola Estadual;Pública;Escola Estadual;Angicos/RN;Eu já morava na mesma cidade;Não;Feminino;Branco;Solteiro;Não;Sim;Entre 1001 e 1500 reais;Não;Aprovado em todas as disciplinas;Não;Não;Sim;Sim;Não;Não;Não;Não;Sim;Ensino fundamental incompleto;Ensino fundamental incompleto;126
Concludente/Egresso;Pau dos Ferros - Noturno;2015.1;2018.1;Sim, sempre quis cursar CeT;Não;Pública;Escola Estadual;Pública;Municipal;iracema/ce;Sim;Sim;Masculino;Pardo;Solteiro;Não;Sim;Entre 501 e 1000 reais;Sim;Aprovado em todas as disciplinas;Sim;Não;Sim;Não;Sim;Sim;Não;Não;Não;Ensino médio completo;Ensino médio incompleto;127
Evadido/Desistente;Caraúbas - Diurno;2012.2;2015.1;Não, esse foi o curso que consegui ingressar;Não;Pública;Escola Estadual;Pública;Escola Estadual;Caraúbas-RN ;Eu já morava na mesma cidade;Não;Masculino;Negro;Solteiro;Não;Não;Entre 2001 e 2500 reais;Não;Reprovado em duas disciplinas;Sim;Não;Não;Sim;Sim;Sim;Sim;Sim;Não;Ensino primário incompleto;Ensino primário incompleto;128
Concludente/Egresso;Angicos - Diurno;2016.2;2021.2;Sim, sempre quis cursar CeT;Não;Pública;Escola Estadual;Pública;Escola Estadual;Lajes/rn;Não;Não;Masculino;Pardo;Casado;Sim;Sim;Entre 1001 e 1500 reais;Não;Aprovado em todas as disciplinas;Não;Não;Não;Sim;Sim;Sim;Não;Não;Não;Ensino médio completo;Ensino médio incompleto;129
Concludente/Egresso;Mossoró - Noturno;2014.1;2017.1;Sim, sempre quis cursar CeT;Sim;Pública;Instituto Federal;Pública;Parte em escalo municipal e parte em estadual ;Upanema/RN ;Não;Sim;Feminino;Pardo;Solteiro;Não;Não;Entre 501 e 1000 reais;Sim;Aprovado em todas as disciplinas;Sim;Não;Não;Não;Não;Sim;Não;Não;Sim;Ensino fundamental incompleto;Ensino fundamental incompleto;130
Evadido/Desistente;Caraúbas - Diurno;2013;2013.1;Não, esse foi o curso que consegui ingressar;Não;Pública;Escola Estadual;Pública;Municipal;Mossoró RN;Não;Não;Masculino;Negro;Solteiro;Não;Sim;Entre 2001 e 2500 reais;Não;Reprovado em duas disciplinas;Sim;Sim;Sim;Sim;Sim;Não;Sim;Não;Sim;Ensino fundamental Completo;Ensino fundamental incompleto;131
Concludente/Egresso;Angicos - Diurno;2010.1;2013.1;Sim, sempre quis cursar CeT;Sim;privada;;Privada;;ASSU/RN;Não;Não;Masculino;Branco;Solteiro;Não;Sim;Entre 2501 e 3000 reais;Não;Reprovado em cinco ou mais disciplinas;Não;Não;Sim;Sim;Sim;Sim;Não;Não;Não;Ensino médio completo;Ensino médio incompleto;132
Concludente/Egresso;Mossoró - Diurno;2014.1;2016.2;Sim, sempre quis cursar CeT;Não;privada;;Privada;;Mossoró/RN;Eu já morava na mesma cidade;Não;Masculino;Branco;Solteiro;Não;Sim;Acima de 3000 reais;Sim;Aprovado em todas as disciplinas;Não;Não;Não;Sim;Sim;Sim;Sim;Não;Sim;Ensino superior Completo;Ensino superior Completo;133
Concludente/Egresso;Caraúbas - Diurno;2020.2;2020.2;Sim, sempre quis cursar CeT;Sim;Pública;Escola Estadual;Pública;Municipal;Marcelino vieira ;Sim;Não;Feminino;Branco;Solteiro;Não;Não;Entre 1501 e 2000 reais;Não;Aprovado em todas as disciplinas;Sim;Sim;Sim;Sim;Sim;Sim;Sim;Não;Sim;Pós-graduação completa;Ensino primário incompleto;134
Concludente/Egresso;Angicos - Diurno;2020.1;2020.1;Sim, sempre quis cursar CeT;Não;Pública;Escola Estadual;Pública;Escola Estadual;Pedro Avelino;Sim;Não;Masculino;Pardo;Solteiro;Não;Sim;Menos de 500 reais;Não;Reprovado em cinco ou mais disciplinas;Não;Sim;Sim;Sim;Sim;Não;Sim;Não;Não;Ensino primário incompleto;Ensino primário incompleto;135
Concludente/Egresso;Mossoró - Diurno;2014.1;2017.1;Não, esse foi o curso que consegui ingressar;Não;Pública;Escola Estadual;Pública;Escola Estadual;São Bernardo do Campo;Sim;Não;Feminino;Branco;Solteiro;Não;Sim;Acima de 3000 reais;Não;Reprovado em uma disciplina;Não;Não;Sim;Não;Não;Sim;Não;Não;Sim;Ensino fundamental incompleto;Ensino médio completo;136
Concludente/Egresso;Caraúbas - Diurno;2020.1;2021.1;Não, esse foi o curso que consegui ingressar;Não;Pública;Escola Estadual;Privada;;Patu/RN;Sim;Não;Feminino;Branco;Solteiro;Não;Não;Entre 2501 e 3000 reais;Não;Aprovado em todas as disciplinas;Sim;Não;Não;Não;Sim;Sim;Não;Não;Sim;Pós-graduação completa;Ensino superior Completo;137
Concludente/Egresso;Mossoró - Noturno;2016.2;2021.1;Sim, sempre quis cursar CeT;Sim;privada;;Privada;;Mossoró/RN;Não;Não;Feminino;Pardo;Solteiro;Não;Não;Entre 1501 e 2000 reais;Não;Reprovado em cinco ou mais disciplinas;Sim;Sim;Sim;Sim;Sim;Sim;Sim;Não;Não;Pós-graduação completa;Ensino médio completo;138
Evadido/Desistente;Mossoró - Noturno;2014.2;2018.1;Sim, sempre quis cursar CeT;Sim;Pública;Instituto Federal;Pública;Municipal;Serra do Mel - RN;Não;Não;Masculino;Branco;Casado;Não;Sim;Acima de 3000 reais;Não;Aprovado em todas as disciplinas;Não;Sim;Sim;Não;Sim;Sim;Sim;Não;Sim;Ensino médio completo;Ensino médio completo;139
Concludente/Egresso;Angicos - Diurno;2019.2;2021.2;Sim, sempre quis cursar CeT;Não;Pública;Escola Estadual;Pública;Escola Estadual;Rio grande do Norte;Sim;Não;Feminino;Pardo;Casado;Sim;Não;Entre 501 e 1000 reais;Não;Reprovado em uma disciplina;Sim;Sim;Sim;Sim;Sim;Não;Não;Não;Não;Pós-graduação incompleta;Ensino fundamental Completo;140
Concludente/Egresso;Pau dos Ferros - Noturno;2018.1;2021.1;Sim, sempre quis cursar CeT;Sim;Pública;Escola Estadual;Pública;Municipal;Rio Grande do Norte;Não;Não;Masculino;Branco;Solteiro;Não;Não;Entre 501 e 1000 reais;Sim;Aprovado em todas as disciplinas;Sim;Sim;Sim;Sim;Sim;Sim;Não;Não;Não;Ensino fundamental Completo;Ensino primário incompleto;141
Concludente/Egresso;Angicos - Diurno;2009.1;2012.1;Não, esse foi o curso que consegui ingressar;Não;Pública;Escola Estadual;Pública;Municipal;Angicos;Eu já morava na mesma cidade;Não;Masculino;Branco;Solteiro;Não;Não;Menos de 500 reais;Sim;Reprovado em uma disciplina;Não;Sim;Sim;Não;Não;Sim;Não;Não;Não;Ensino fundamental incompleto;Ensino fundamental incompleto;142
Evadido/Desistente;Caraúbas - Noturno;2016.1;2017.2;Sim, sempre quis cursar CeT;Sim;Pública;Escola Estadual;Pública;Escola Estadual;Felipe Guerra RN;Não;Não;Masculino;Pardo;Solteiro;Não;Não;Entre 2001 e 2500 reais;Não;Reprovado em duas disciplinas;Não;Não;Não;Sim;Sim;Não;Não;Não;Não;Pós-graduação completa;Ensino fundamental incompleto;143
Concludente/Egresso;Angicos - Noturno;2021.2;2021.2;Não, esse foi o curso que consegui ingressar;Não;Pública;Escola Estadual;Pública;Escola Estadual;Afonso Bezerra;Não;Não;Masculino;Negro;Solteiro;Não;Sim;Entre 501 e 1000 reais;Não;Aprovado em todas as disciplinas;Não;Sim;Sim;Não;Sim;Não;Não;Não;Não;Ensino superior Completo;Ensino superior incompleto;144
Evadido/Desistente;Caraúbas - Noturno;2021.2;2021.2;Não, esse foi o curso que consegui ingressar;Sim;Pública;Escola Estadual;Pública;Escola Estadual;Caraúbas RN;Eu já morava na mesma cidade;Não;Prefiro não informar;Pardo;Solteiro;Não;Não;Menos de 500 reais;Não;Aprovado em todas as disciplinas;Sim;Sim;Sim;Sim;Sim;Não;Sim;Não;Não;Ensino médio completo;Ensino médio incompleto;145
Concludente/Egresso;Pau dos Ferros - Noturno;2016.1;2019.1;Não, esse foi o curso que consegui ingressar;Sim;Pública;Escola Estadual;Pública;Escola Estadual;Salgueiro/PE;Sim;Não;Masculino;Branco;Solteiro;Não;Sim;Entre 1001 e 1500 reais;Sim;Aprovado em todas as disciplinas;Sim;Não;Sim;Não;Não;Sim;Não;Não;Sim;Ensino médio completo;Ensino fundamental incompleto;146
Concludente/Egresso;Angicos - Diurno;2010.1;2015.2;Não, esse foi o curso que consegui ingressar;Sim;privada;;Privada;;Rafael Godeiro ;Sim;Não;Masculino;Branco;Solteiro;Não;Sim;Menos de 500 reais;Sim;Aprovado em todas as disciplinas;Sim;Sim;Sim;Sim;Sim;Não;Sim;Não;Não;Ensino médio completo;Ensino superior Completo;147
Evadido/Desistente;Angicos - Diurno;2013;2015;Sim, sempre quis cursar CeT;Sim;Pública;Instituto Federal;Pública;Fundação Bradesco;Natal;Sim;Não;Masculino;Branco;Casado;Sim;Não;Entre 1501 e 2000 reais;Sim;Reprovado em duas disciplinas;Sim;Sim;Sim;Sim;Sim;Sim;Sim;Sim;Sim;Ensino fundamental incompleto;Ensino fundamental incompleto;148
Evadido/Desistente;Angicos - Noturno;2013.1;2015.1;Sim, sempre quis cursar CeT;Sim;Pública;Escola Estadual;Pública;Escola Estadual;Natal/RN;Sim;Não;Masculino;Pardo;Casado;Sim;Sim;Entre 1001 e 1500 reais;Não;Reprovado em duas disciplinas;Não;Sim;Sim;Sim;Sim;Sim;Não;Não;Sim;Ensino superior Completo;Ensino médio completo;149
Concludente/Egresso;Mossoró - Diurno;2019.1;2021.1;Não, esse foi o curso que consegui ingressar;Sim;Pública;Escola Estadual;Pública;Municipal;iguatu-ceará;Sim;Não;Masculino;Branco;Solteiro;Não;Sim;Entre 1001 e 1500 reais;Sim;Reprovado em uma disciplina;Não;Não;Sim;Sim;Sim;Sim;Sim;Não;Não;Ensino fundamental incompleto;Ensino fundamental incompleto;150
Concludente/Egresso;Mossoró - Diurno;2014.2;2018.2;Não, esse foi o curso que consegui ingressar;Não;Pública;Escola Estadual;Privada;;mossoró ;Eu já morava na mesma cidade;Não;Masculino;Pardo;Casado;Não;Sim;Entre 1001 e 1500 reais;Não;Aprovado em todas as disciplinas;Não;Sim;Sim;Não;Sim;Sim;Sim;Não;Não;Ensino fundamental incompleto;Ensino fundamental incompleto;151
Concludente/Egresso;Caraúbas - Diurno;2017.2;2021.2;Sim, sempre quis cursar CeT;Não;Pública;Escola Estadual;Pública;Escola Estadual;Caraúbas;Eu já morava na mesma cidade;Não;Masculino;Branco;Solteiro;Não;Não;Entre 501 e 1000 reais;Não;Reprovado em quatro disciplinas;Sim;Sim;Sim;Sim;Sim;Não;Sim;Sim;Não;Ensino primário incompleto;Ensino primário incompleto;152
Evadido/Desistente;Mossoró - Noturno;2010.1;1012.1;Sim, sempre quis cursar CeT;Não;privada;;Privada;Escola Estadual;Mossoró;Eu já morava na mesma cidade;Não;Masculino;Pardo;Solteiro;Não;Sim;Acima de 3000 reais;Não;Reprovado em duas disciplinas;Não;Não;Não;Não;Não;Não;Não;Não;Sim;Ensino médio completo;Ensino médio completo;153
Concludente/Egresso;Mossoró - Noturno;2016.2;2021.1;Sim, sempre quis cursar CeT;Sim;privada;;Privada;;Mossoró ;Não;Não;Masculino;Branco;Solteiro;Não;Não;Entre 2001 e 2500 reais;Não;Reprovado em uma disciplina;Não;Não;Sim;Sim;Sim;Sim;Não;Não;Sim;Pós-graduação incompleta;Ensino superior Completo;154
Evadido/Desistente;Mossoró - Noturno;2016.1;1016.2;Não, esse foi o curso que consegui ingressar;Sim;privada;;Pública;Municipal;Mossoró;Não;Não;Feminino;Amarelo;Solteiro;Não;Sim;Acima de 3000 reais;Não;Aprovado em todas as disciplinas;Sim;Sim;Sim;Sim;Sim;Sim;Sim;Sim;Sim;Ensino médio completo;Ensino primário incompleto;155
Evadido/Desistente;Mossoró - Noturno;2011.1;2011.2;Sim, sempre quis cursar CeT;Sim;privada;;Privada;;Mossoró/RN;Eu já morava na mesma cidade;Não;Masculino;Pardo;Solteiro;Não;Sim;Entre 2001 e 2500 reais;Não;Reprovado em cinco ou mais disciplinas;Sim;Não;Não;Não;Não;Sim;Não;Não;Não;Ensino médio completo;Ensino fundamental incompleto;156
Concludente/Egresso;Mossoró - Diurno;2019.2;2022.1;Sim, sempre quis cursar CeT;Não;Pública;Escola Estadual;Pública;Municipal;Mossoró/RN;Eu já morava na mesma cidade;Não;Feminino;Pardo;Solteiro;Não;Não;Entre 1501 e 2000 reais;Sim;Reprovado em cinco ou mais disciplinas;Sim;Não;Não;Sim;Sim;Não;Não;Não;Não;Ensino médio completo;Ensino fundamental incompleto;157
Concludente/Egresso;Angicos - Diurno;2020.1;2021.2;Não, esse foi o curso que consegui ingressar;Não;Pública;Escola Estadual;Privada;;Natal;Sim;Não;Feminino;Prefiro não informar;Solteiro;Não;Não;Entre 501 e 1000 reais;Sim;Aprovado em todas as disciplinas;Não;Não;Não;Sim;Não;Sim;Não;Não;Não;Ensino primário incompleto;Ensino médio completo;158
Concludente/Egresso;Angicos - Diurno;2019.2;Estou no 2021.2;Não, esse foi o curso que consegui ingressar;Não;privada;;Privada;;Alto do Rodrigues/RN;Sim;Não;Feminino;Negro;Solteiro;Não;Não;Entre 2001 e 2500 reais;Não;Reprovado em uma disciplina;Sim;Não;Sim;Não;Sim;Sim;Não;Não;Não;Ensino superior incompleto;Ensino médio completo;159
Concludente/Egresso;Angicos - Noturno;2015.2;2021.2;Sim, sempre quis cursar CeT;Não;Pública;Escola Estadual;Privada;;Ipanguaçu/RN;Sim;Não;Masculino;Pardo;Casado;Não;Sim;Entre 1501 e 2000 reais;Não;Aprovado em todas as disciplinas;Sim;Sim;Sim;Sim;Sim;Não;Não;Não;Sim;Ensino médio incompleto;Ensino médio completo;160
Concludente/Egresso;Angicos - Diurno;2015.2;2021.1;Não, esse foi o curso que consegui ingressar;Sim;Pública;Escola Estadual;Pública;Municipal;Lajes/RN;Sim;Não;Feminino;Branco;Solteiro;Não;Não;Entre 501 e 1000 reais;Sim;Reprovado em uma disciplina;Não;Não;Não;Sim;Sim;Sim;Sim;Sim;Sim;Ensino fundamental incompleto;Ensino primário incompleto;161
Concludente/Egresso;Mossoró - Noturno;2009.2;2015.2;Não, esse foi o curso que consegui ingressar;Não;privada;;Privada;;Russas/CE;Sim;Não;Masculino;Pardo;Solteiro;Não;Sim;Entre 2001 e 2500 reais;Sim;Aprovado em todas as disciplinas;Não;Não;Não;Sim;Sim;Sim;Não;Não;Não;Ensino superior Completo;Ensino médio completo;162
Evadido/Desistente;Angicos - Diurno;2010.1;2010.2;Não, esse foi o curso que consegui ingressar;Não;Pública;Escola Estadual;Pública;Escola Estadual;Natal;Sim;Não;Masculino;Branco;Casado;Sim;Sim;Acima de 3000 reais;Não;Reprovado em uma disciplina;Não;Sim;Sim;Sim;Não;Sim;Sim;Sim;Sim;Ensino médio completo;Ensino médio completo;163
Concludente/Egresso;Caraúbas - Diurno;2018.2;Nd;Sim, sempre quis cursar CeT;Não;Pública;Escola Estadual;Privada;;Mossoró;Sim;Não;Feminino;Branco;Solteiro;Não;Não;Entre 1001 e 1500 reais;Não;Reprovado em quatro disciplinas;Não;Sim;Não;Sim;Não;Sim;Não;Não;Sim;Ensino fundamental incompleto;Ensino médio incompleto;164
Concludente/Egresso;Mossoró - Noturno;2021.1;2021.2;Sim, sempre quis cursar CeT;Não;privada;;Pública;Municipal;Ceará;Não;Não;Masculino;Branco;Solteiro;Não;Não;Entre 501 e 1000 reais;Sim;Aprovado em todas as disciplinas;Sim;Não;Sim;Sim;Não;Sim;Sim;Sim;Sim;Ensino fundamental Completo;Ensino fundamental Completo;165
Concludente/Egresso;Mossoró - Diurno;2017.1;2021.1;Sim, sempre quis cursar CeT;Sim;privada;;Pública;Municipal;Mossoró/RN;Eu já morava na mesma cidade;Não;Masculino;Branco;Solteiro;Não;Sim;Entre 1001 e 1500 reais;Sim;Aprovado em todas as disciplinas;Não;Não;Sim;Não;Sim;Sim;Não;Não;Sim;Ensino superior Completo;Ensino médio completo;166
Concludente/Egresso;Pau dos Ferros - Diurno;2012.2;2016.1;Não, esse foi o curso que consegui ingressar;Não;privada;;Privada;;Pau dos Ferros;Eu já morava na mesma cidade;Não;Masculino;Branco;Solteiro;Não;Não;Acima de 3000 reais;Sim;Reprovado em uma disciplina;Não;Não;Sim;Não;Não;Não;Não;Não;Sim;Pós-graduação completa;Ensino fundamental incompleto;167
Concludente/Egresso;Mossoró - Diurno;2009.1;2011.2;Sim, sempre quis cursar CeT;Não;Pública;Escola Estadual;Pública;Municipal;Areia Branca - RN;Não;Sim;Masculino;Branco;Casado;Não;Sim;Entre 501 e 1000 reais;Sim;Aprovado em todas as disciplinas;Não;Não;Sim;Não;Sim;Não;Não;Não;Não;Ensino primário incompleto;Ensino médio completo;168
Evadido/Desistente;Angicos - Noturno;2014.2;2014.2;Sim, sempre quis cursar CeT;Sim;Pública;Escola Estadual;Privada;;Assu;Não;Não;Masculino;Branco;Casado;Sim;Sim;Acima de 3000 reais;Não;Aprovado em todas as disciplinas;Não;Sim;Sim;Sim;Sim;Sim;Sim;Não;Sim;Ensino médio completo;Ensino médio completo;169
Concludente/Egresso;Mossoró - Noturno;2021.1;2021.2;Não, esse foi o curso que consegui ingressar;Sim;Pública;Escola Estadual;Pública;Escola Estadual;Tabuleiro do Norte-Ce;Não;Não;Masculino;Branco;Solteiro;Não;Não;Entre 501 e 1000 reais;Não;Reprovado em uma disciplina;Não;Sim;Sim;Sim;Sim;Não;Sim;Não;Não;Ensino fundamental Completo;Ensino fundamental incompleto;170
Concludente/Egresso;Caraúbas - Noturno;2020.1;2021.1;Sim, sempre quis cursar CeT;Não;Pública;Escola Estadual;Pública;Municipal;Umarizal - RN;Não;Não;Feminino;Pardo;Solteiro;Não;Sim;Entre 501 e 1000 reais;Não;Aprovado em todas as disciplinas;Não;Sim;Sim;Sim;Sim;Sim;Sim;Não;Não;Ensino médio incompleto;Ensino médio incompleto;171
Concludente/Egresso;Caraúbas - Noturno;2020.2;2021.1;Sim, sempre quis cursar CeT;Não;Pública;Escola Estadual;Pública;Municipal;Patu - RN;Não;Não;Feminino;Pardo;Solteiro;Não;Não;Menos de 500 reais;Não;Aprovado em todas as disciplinas;Sim;Sim;Sim;Sim;Não;Não;Sim;Não;Não;Ensino fundamental incompleto;Ensino fundamental incompleto;172
Concludente/Egresso;Mossoró - Diurno;2013.1;2018.1;Sim, sempre quis cursar CeT;Não;privada;;Privada;;Mossoró-RN;Eu já morava na mesma cidade;Não;Feminino;Pardo;Solteiro;Não;Sim;Entre 1501 e 2000 reais;Sim;Aprovado em todas as disciplinas;Sim;Sim;Sim;Não;Não;Sim;Não;Não;Sim;Pós-graduação completa;Ensino médio completo;173
Concludente/Egresso;Mossoró - Diurno;2017.1;2021.1;Sim, sempre quis cursar CeT;Não;privada;;Privada;;Mossoró-RN;Eu já morava na mesma cidade;Não;Masculino;Branco;Solteiro;Não;Sim;Entre 1501 e 2000 reais;Não;Reprovado em duas disciplinas;Não;Não;Sim;Não;Não;Sim;Não;Não;Não;Ensino fundamental incompleto;Ensino superior Completo;174
Concludente/Egresso;Angicos - Diurno;2012.1;2014.2;Não, esse foi o curso que consegui ingressar;Sim;privada;;Privada;;milhã/CE;Sim;Não;Feminino;Amarelo;Casado;Sim;Sim;Entre 1501 e 2000 reais;Sim;Aprovado em todas as disciplinas;Sim;Sim;Sim;Não;Sim;Não;Não;Não;Sim;Ensino médio completo;Ensino fundamental incompleto;175
Concludente/Egresso;Mossoró - Diurno;2020.1;2021.2;Sim, sempre quis cursar CeT;Não;privada;;Privada;;Ceará;Sim;Não;Feminino;Branco;Solteiro;Não;Não;Acima de 3000 reais;Sim;Aprovado em todas as disciplinas;Não;Sim;Sim;Não;Não;Sim;Não;Não;Sim;Ensino superior Completo;Ensino médio completo;176
Concludente/Egresso;Mossoró - Noturno;2020.1;2021.1;Sim, sempre quis cursar CeT;Não;Pública;Escola Estadual;Pública;Escola Estadual;Ceará ;Não;Não;Feminino;Branco;Solteiro;Não;Sim;Entre 1501 e 2000 reais;Não;Aprovado em todas as disciplinas;Não;Não;Não;Não;Sim;Sim;Não;Não;Não;Ensino primário incompleto;Ensino médio completo;177
Evadido/Desistente;Mossoró - Noturno;2012.1;2016.2;Não, esse foi o curso que consegui ingressar;Sim;Pública;Escola Estadual;Pública;Escola Estadual;Mossoró;Eu já morava na mesma cidade;Não;Masculino;Pardo;Casado;Não;Sim;Entre 1001 e 1500 reais;Não;Reprovado em duas disciplinas;Não;Não;Não;Não;Sim;Sim;Sim;Não;Não;Ensino fundamental Completo;Ensino fundamental incompleto;178
Concludente/Egresso;Angicos - Diurno;2014.1;2016.2;Sim, sempre quis cursar CeT;Não;Pública;Instituto Federal;Pública;Municipal;Caicó;Sim;Não;Feminino;Branco;Solteiro;Não;Sim;Entre 1001 e 1500 reais;Sim;Aprovado em todas as disciplinas;Não;Não;Sim;Sim;Sim;Sim;Não;Não;Não;Ensino superior Completo;Ensino fundamental incompleto;179
Evadido/Desistente;Mossoró - Diurno;2009.1;2010.1;Sim, sempre quis cursar CeT;Sim;privada;;Pública;Escola Estadual;Natal RN;Eu já morava na mesma cidade;Não;Masculino;Branco;Casado;Sim;Sim;Acima de 3000 reais;Não;Reprovado em cinco ou mais disciplinas;Não;Não;Sim;Não;Sim;Sim;Sim;Não;Sim;Ensino superior Completo;Ensino fundamental incompleto;180
Concludente/Egresso;Mossoró - Diurno;2009.1;2014.1;Sim, sempre quis cursar CeT;Não;privada;;Privada;;Mossoro- rn;Eu já morava na mesma cidade;Não;Feminino;Pardo;Solteiro;Não;Sim;Acima de 3000 reais;Não;Aprovado em todas as disciplinas;Sim;Sim;Sim;Não;Sim;Sim;Não;Não;Sim;Ensino superior Completo;Ensino superior Completo;181
Concludente/Egresso;Mossoró - Diurno;2021.2;Vou começar ainda ;Não, esse foi o curso que consegui ingressar;Não;privada;;Privada;Municipal;Assu e continuo morando;Não;Não;Masculino;Branco;Solteiro;Não;Não;Entre 501 e 1000 reais;Não;Aprovado em todas as disciplinas;Sim;Sim;Sim;Sim;Sim;Não;Não;Não;Não;Ensino médio incompleto;Ensino médio incompleto;182
Concludente/Egresso;Angicos - Diurno;2019.2;2021.2;Sim, sempre quis cursar CeT;Não;Pública;Instituto Federal;Pública;Escola Estadual;Santa Cruz / RN;Sim;Sim;Masculino;Pardo;Solteiro;Não;Não;Menos de 500 reais;Não;Reprovado em uma disciplina;Sim;Sim;Sim;Sim;Sim;Não;Sim;Não;Não;Ensino fundamental incompleto;Ensino fundamental incompleto;183
Evadido/Desistente;Caraúbas - Diurno;2011.2;2013.2;Não, esse foi o curso que consegui ingressar;Não;privada;;Privada;;Fortim-CE;Sim;Não;Feminino;Branco;Casado;Sim;Sim;Acima de 3000 reais;Não;Reprovado em duas disciplinas;Não;Sim;Sim;Sim;Sim;Não;Sim;Sim;Sim;Ensino fundamental incompleto;Ensino médio completo;184
Concludente/Egresso;Mossoró - Noturno;2020.2;2020.2;Não, esse foi o curso que consegui ingressar;Não;Pública;Escola Estadual;Privada;;Mossoró/RN;Eu já morava na mesma cidade;Não;Feminino;Pardo;Solteiro;Não;Não;Entre 1001 e 1500 reais;Não;Aprovado em todas as disciplinas;Sim;Não;Sim;Sim;Não;Sim;Não;Não;Sim;Ensino fundamental incompleto;Ensino médio completo;185
Evadido/Desistente;Mossoró - Diurno;2017.2;2020.1;Sim, sempre quis cursar CeT;Não;Pública;Escola Estadual;Pública;Escola Estadual;Serra do Mel/RN;Não;Não;Masculino;Branco;Solteiro;Não;Sim;Acima de 3000 reais;Não;Reprovado em duas disciplinas;Não;Não;Não;Não;Sim;Sim;Sim;Não;Sim;Pós-graduação completa;Ensino fundamental incompleto;186
Concludente/Egresso;Mossoró - Noturno;2020.2;2021.2;Sim, sempre quis cursar CeT;Não;Pública;Escola Estadual;Pública;Escola Estadual;Mossoró/ RN;Eu já morava na mesma cidade;Não;Masculino;Pardo;Casado;Sim;Sim;Entre 1001 e 1500 reais;Não;Reprovado em quatro disciplinas;Não;Sim;Sim;Sim;Sim;Não;Sim;Sim;Não;Ensino fundamental incompleto;Ensino fundamental incompleto;187
Concludente/Egresso;Mossoró - Noturno;2018.1;2021.1;Não, esse foi o curso que consegui ingressar;Sim;Pública;Instituto Federal;Pública;Escola Estadual;Apodi;Não;Não;Masculino;Branco;Solteiro;Não;Não;Entre 1501 e 2000 reais;Não;Reprovado em cinco ou mais disciplinas;Não;Sim;Sim;Sim;Sim;Sim;Não;Não;Sim;Ensino médio completo;Ensino médio completo;188
Evadido/Desistente;Mossoró - Diurno;2010.1;2010.1;Não, esse foi o curso que consegui ingressar;Não;privada;;Privada;;Mossoró/RN;Eu já morava na mesma cidade;Não;Feminino;Negro;Solteiro;Não;Sim;Acima de 3000 reais;Não;Reprovado em duas disciplinas;Sim;Sim;Não;Não;Sim;Sim;Sim;Não;Sim;Ensino médio incompleto;Ensino superior incompleto;189
Concludente/Egresso;Caraúbas - Noturno;2011.1;2017.2;Sim, sempre quis cursar CeT;Não;Pública;Escola Estadual;Pública;Escola Estadual;Apodi-RN;Sim;Não;Masculino;Pardo;Solteiro;Não;Sim;Acima de 3000 reais;Sim;Reprovado em uma disciplina;Sim;Não;Não;Não;Sim;Sim;Não;Não;Sim;Ensino superior Completo;Ensino fundamental incompleto;190
Concludente/Egresso;Mossoró - Diurno;2020.1;2021.1;Sim, sempre quis cursar CeT;Sim;Pública;Escola Estadual;Pública;Escola Estadual;Ceará;Sim;Não;Feminino;Pardo;Solteiro;Não;Não;Menos de 500 reais;Sim;Aprovado em todas as disciplinas;Sim;Sim;Sim;Sim;Sim;Sim;Sim;Sim;Sim;Ensino médio completo;Ensino superior Completo;191
Concludente/Egresso;Caraúbas - Diurno;2021.1;2021.2;Sim, sempre quis cursar CeT;Não;Pública;Escola Estadual;Pública;Escola Estadual;Acari, Rio Grande do Norte ;Não;Não;Feminino;Negro;Solteiro;Não;Não;Menos de 500 reais;Não;Reprovado em uma disciplina;Não;Sim;Sim;Sim;Sim;Sim;Não;Não;Não;Ensino médio completo;Ensino fundamental incompleto;192
Concludente/Egresso;Mossoró - Diurno;2012.1;2020.1;Sim, sempre quis cursar CeT;Não;Pública;Escola Estadual;Pública;Municipal;Mossoró/RN;Eu já morava na mesma cidade;Não;Feminino;Branco;Solteiro;Não;Sim;Entre 1001 e 1500 reais;Não;Aprovado em todas as disciplinas;Não;Não;Não;Não;Sim;Sim;Sim;Não;Não;Ensino médio incompleto;Ensino fundamental Completo;193
Concludente/Egresso;Mossoró - Diurno;2011.1;2016.1;Não, esse foi o curso que consegui ingressar;Não;privada;;Pública;Municipal;Areia Branca;Sim;Não;Feminino;Branco;Casado;Não;Sim;Entre 2501 e 3000 reais;Não;Reprovado em duas disciplinas;Não;Não;Sim;Não;Não;Sim;Não;Não;Sim;Ensino superior Completo;Ensino médio completo;194
Concludente/Egresso;Mossoró - Diurno;2020.2;2021.1;Não, esse foi o curso que consegui ingressar;Sim;privada;;Privada;;Fortaleza/CE;Não;Não;Masculino;Pardo;Solteiro;Não;Não;Entre 1001 e 1500 reais;Sim;Aprovado em todas as disciplinas;Não;Não;Sim;Não;Sim;Sim;Sim;Não;Sim;Ensino superior Completo;Ensino médio completo;195
Concludente/Egresso;Mossoró - Diurno;2017.2;2021.2;Sim, sempre quis cursar CeT;Sim;Pública;Escola Estadual;Pública;Municipal;Areia Branca ;Sim;Não;Feminino;Pardo;Casado;Não;Sim;Entre 1501 e 2000 reais;Não;Reprovado em quatro disciplinas;Não;Sim;Sim;Não;Sim;Não;Não;Não;Sim;Ensino médio completo;Ensino fundamental incompleto;196
Evadido/Desistente;Caraúbas - Diurno;2011.1;2013.1;Não, esse foi o curso que consegui ingressar;Sim;privada;;Privada;;Mossoró;Sim;Não;Feminino;Branco;Solteiro;Não;Não;Entre 2001 e 2500 reais;Sim;Reprovado em duas disciplinas;Não;Não;Sim;Não;Não;Sim;Sim;Não;Sim;Ensino médio incompleto;Ensino médio incompleto;197
Concludente/Egresso;Caraúbas - Noturno;2015.2;2021.1;Não, esse foi o curso que consegui ingressar;Não;Pública;Escola Estadual;Pública;Municipal;Patu RN;Não;Não;Masculino;Pardo;Casado;Não;Não;Entre 501 e 1000 reais;Sim;Reprovado em duas disciplinas;Não;Não;Sim;Não;Sim;Sim;Não;Não;Sim;Ensino fundamental incompleto;Ensino primário incompleto;198
Evadido/Desistente;Angicos - Noturno;2011.1 não tenho certeza;2013.2 ou 2014.2 já era formada em outra área e também trabalhava. E por ver constantes acidentes no percurso Assu-Angicos não achei válido continuar a por a vida em risco todas as noites.;Sim, sempre quis cursar CeT;Não;privada;;Privada;;Assu ;Não;Não;Feminino;Pardo;Solteiro;Não;Sim;Acima de 3000 reais;Não;Aprovado em todas as disciplinas;Sim;Sim;Sim;Sim;Sim;Sim;Sim;Sim;Sim;Ensino superior Completo;Ensino superior Completo;199
Concludente/Egresso;Pau dos Ferros - Noturno;2015.1;2018.2;Sim, sempre quis cursar CeT;Sim;Pública;Instituto Federal;Pública;Escola Estadual;Rio Grande do Norte;Não;Não;Masculino;Branco;Solteiro;Não;Sim;Entre 1501 e 2000 reais;Não;Aprovado em todas as disciplinas;Sim;Não;Sim;Não;Sim;Sim;Não;Não;Sim;Ensino médio completo;Ensino fundamental Completo;200
Concludente/Egresso;Caraúbas - Diurno;2020.2;2021.2;Não, esse foi o curso que consegui ingressar;Não;Pública;Escola Estadual;Pública;Escola Estadual;Cajazeiras - PB;Sim;Não;Masculino;Pardo;Solteiro;Não;Não;Entre 501 e 1000 reais;Sim;Aprovado em todas as disciplinas;Não;Não;Não;Não;Não;Sim;Não;Não;Não;Ensino fundamental incompleto;Ensino médio incompleto;201
Concludente/Egresso;Mossoró - Diurno;2021.1;2021.2;Sim, sempre quis cursar CeT;Não;privada;;Privada;;Mossoró;Eu já morava na mesma cidade;Não;Feminino;Pardo;Solteiro;Não;Não;Entre 1501 e 2000 reais;Não;Aprovado em todas as disciplinas;Sim;Não;Sim;Sim;Não;Não;Sim;Não;Sim;Pós-graduação completa;Ensino médio completo;202
Concludente/Egresso;Caraúbas - Noturno;2012.1;2016.1;Não, esse foi o curso que consegui ingressar;Não;Pública;Escola Estadual;Pública;Municipal;Apodi;Não;Não;Feminino;Branco;Solteiro;Não;Não;Entre 1001 e 1500 reais;Sim;Reprovado em cinco ou mais disciplinas;Sim;Não;Não;Não;Não;Sim;Não;Não;Sim;Ensino médio completo;Ensino médio completo;203
Evadido/Desistente;Pau dos Ferros - Noturno;2021.1;2021.1;Não, esse foi o curso que consegui ingressar;Sim;Pública;Instituto Federal;Pública;Municipal;tenente Ananias/RN;Não;Não;Feminino;Pardo;Solteiro;Não;Não;Entre 1001 e 1500 reais;Não;Aprovado em todas as disciplinas;Sim;Sim;Sim;Não;Sim;Sim;Não;Sim;Não;Ensino médio completo;Ensino superior Completo;204
Concludente/Egresso;Mossoró - Noturno;2020.1;2020.1;Sim, sempre quis cursar CeT;Sim;Pública;Escola Estadual;Pública;Municipal;Ereré-CE;Eu já morava na mesma cidade;Não;Masculino;Branco;Solteiro;Não;Sim;Entre 501 e 1000 reais;Não;Reprovado em cinco ou mais disciplinas;Sim;Sim;Sim;Sim;Sim;Não;Sim;Sim;Não;Ensino fundamental incompleto;Ensino primário incompleto;205
Concludente/Egresso;Angicos - Noturno;2018.2;2021.2;Sim, sempre quis cursar CeT;Sim;Pública;Instituto Federal;Pública;Municipal;Alto do Rodrigues;Sim;Sim;Feminino;Pardo;Solteiro;Não;Não;Entre 1001 e 1500 reais;Sim;Reprovado em duas disciplinas;Sim;Sim;Sim;Sim;Sim;Não;Não;Não;Sim;Ensino médio completo;Ensino fundamental Completo;206
Concludente/Egresso;Pau dos Ferros - Diurno;2012.1;2018.2;Não, esse foi o curso que consegui ingressar;Não;Pública;Escola Estadual;Pública;Escola Estadual;Pau dos Ferros/RN;Eu já morava na mesma cidade;Não;Masculino;Negro;Solteiro;Não;Não;Entre 1501 e 2000 reais;Sim;Reprovado em quatro disciplinas;Não;Não;Não;Sim;Sim;Sim;Não;Não;Não;Ensino médio completo;Ensino médio completo;207
Concludente/Egresso;Mossoró - Diurno;2018.2;2019.1;Sim, sempre quis cursar CeT;Sim;Pública;Escola Estadual;Privada;Municipal;morada nova - ceará;Sim;Não;Masculino;Branco;Solteiro;Não;Não;Entre 2501 e 3000 reais;Não;Reprovado em cinco ou mais disciplinas;Não;Sim;Sim;Não;Sim;Não;Sim;Sim;Não;Ensino primário incompleto;Ensino fundamental incompleto;208
Concludente/Egresso;Caraúbas - Diurno;2016.1;2021.1;Não, esse foi o curso que consegui ingressar;Sim;Pública;Instituto Federal;Pública;Municipal;Floriano-PI;Sim;Não;Masculino;Negro;Casado;Sim;Sim;Entre 1001 e 1500 reais;Não;Reprovado em uma disciplina;Não;Não;Sim;Não;Sim;Sim;Não;Não;Não;Ensino fundamental Completo;Ensino fundamental Completo;209
Concludente/Egresso;Mossoró - Diurno;2017.2;2021.1;Não, esse foi o curso que consegui ingressar;Não;Pública;Escola Estadual;Pública;Municipal;Upanema/ RN;Não;Não;Feminino;Pardo;Solteiro;Não;Não;Entre 1001 e 1500 reais;Não;Reprovado em duas disciplinas;Sim;Não;Não;Não;Não;Não;Sim;Não;Sim;Ensino médio completo;Ensino fundamental incompleto;210
Evadido/Desistente;Mossoró - Diurno;2017.1;2018.2;Sim, sempre quis cursar CeT;Sim;Pública;Escola Estadual;Pública;Escola Estadual;Mossoró RN ;Eu já morava na mesma cidade;Não;Masculino;Branco;Solteiro;Não;Sim;Menos de 500 reais;Não;Reprovado em uma disciplina;Não;Não;Não;Não;Sim;Não;Sim;Não;Não;Ensino fundamental incompleto;Ensino médio completo;211
Concludente/Egresso;Pau dos Ferros - Diurno;2014.2;2020.1;Sim, sempre quis cursar CeT;Não;Pública;Escola Estadual;Pública;Escola Estadual;Umarizal;Sim;Não;Masculino;Negro;Solteiro;Não;Não;Menos de 500 reais;Sim;Reprovado em duas disciplinas;Não;Não;Não;Sim;Não;Sim;Não;Não;Sim;Ensino médio completo;Ensino primário incompleto;212
Evadido/Desistente;Mossoró - Diurno;2010.2;2015.1;Sim, sempre quis cursar CeT;Sim;Pública;Escola Estadual;Pública;Escola Estadual;Mossoro- RN;Eu já morava na mesma cidade;Não;Masculino;Pardo;Casado;Sim;Sim;Acima de 3000 reais;Não;Reprovado em uma disciplina;Não;Não;Sim;Não;Sim;Sim;Sim;Sim;Não;Ensino primário incompleto;Ensino médio completo;213
Concludente/Egresso;Mossoró - Diurno;2012.1;2016.1;Não, esse foi o curso que consegui ingressar;Sim;Pública;Escola Estadual;Pública;Municipal;Catole do Rocha-PB;Sim;Não;Masculino;Branco;Solteiro;Não;Sim;Entre 1501 e 2000 reais;Sim;Reprovado em duas disciplinas;Não;Não;Sim;Não;Sim;Sim;Sim;Não;Sim;Ensino fundamental incompleto;Ensino médio completo;214
Evadido/Desistente;Mossoró - Noturno;NAO LEMBRO ;NÃO CONCLUIR NENHUM SEMESTRE :(;Sim, sempre quis cursar CeT;Não;Pública;Escola Estadual;Pública;Escola Estadual;MOSSORÓ RN ;Eu já morava na mesma cidade;Não;Feminino;Amarelo;Casado;Sim;Sim;Entre 1501 e 2000 reais;Não;Reprovado em cinco ou mais disciplinas;Sim;Sim;Sim;Sim;Sim;Sim;Sim;Sim;Sim;Ensino fundamental incompleto;Ensino fundamental incompleto;215
Concludente/Egresso;Pau dos Ferros - Noturno;2020.1 1 semestre ;2020.1;Sim, sempre quis cursar CeT;Sim;Pública;Escola Estadual;Pública;Escola Estadual;São miguel ;Não;Não;Feminino;Branco;Solteiro;Não;Sim;Entre 501 e 1000 reais;Não;Aprovado em todas as disciplinas;Sim;Sim;Sim;Sim;Sim;Sim;Sim;Sim;Sim;Ensino fundamental incompleto;Ensino fundamental incompleto;216
Concludente/Egresso;Mossoró - Diurno;2012.1;2014.2;Sim, sempre quis cursar CeT;Não;privada;;Privada;;Mossoró ;Não;Não;Feminino;Branco;Solteiro;Não;Sim;Acima de 3000 reais;Não;Aprovado em todas as disciplinas;Não;Não;Sim;Não;Sim;Sim;Não;Não;Não;Ensino superior Completo;Pós-graduação completa;217
Evadido/Desistente;Mossoró - Diurno;2011.1;2013.1;Não, esse foi o curso que consegui ingressar;Não;privada;;Privada;;Mossoró - RN;Eu já morava na mesma cidade;Não;Feminino;Branco;Casado;Sim;Sim;Acima de 3000 reais;Não;Reprovado em cinco ou mais disciplinas;Sim;Sim;Sim;Sim;Sim;Sim;Sim;Não;Não;Ensino superior Completo;Ensino superior Completo;218
Evadido/Desistente;Mossoró - Diurno;2010.1;2014.2;Não, esse foi o curso que consegui ingressar;Sim;privada;;Privada;;Mossoró;Eu já morava na mesma cidade;Não;Feminino;Branco;Casado;Sim;Não;Entre 1001 e 1500 reais;Não;Reprovado em duas disciplinas;Não;Não;Não;Não;Sim;Sim;Não;Sim;Não;Ensino superior Completo;Ensino superior Completo;219
Concludente/Egresso;Mossoró - Diurno;2011.1;2016.2;Sim, sempre quis cursar CeT;Não;privada;;Privada;;Mossoró ;Eu já morava na mesma cidade;Não;Masculino;Branco;Solteiro;Não;Sim;Acima de 3000 reais;Não;Reprovado em uma disciplina;Não;Não;Não;Sim;Sim;Sim;Sim;Não;Sim;Pós-graduação completa;Ensino superior Completo;220
Concludente/Egresso;Mossoró - Noturno;2015.2;2018.2;Sim, sempre quis cursar CeT;Sim;privada;;Privada;;Mossoró/RN;Eu já morava na mesma cidade;Não;Feminino;Branco;Solteiro;Não;Sim;Entre 1001 e 1500 reais;Sim;Reprovado em duas disciplinas;Sim;Sim;Sim;Sim;Não;Não;Não;Não;Sim;Ensino superior Completo;Ensino superior incompleto;221
Evadido/Desistente;Mossoró - Diurno;2011.1;2013.1;Não, esse foi o curso que consegui ingressar;Não;privada;;Pública;Escola Estadual;Mossoró/rn ;Eu já morava na mesma cidade;Não;Feminino;Branco;Solteiro;Sim;Sim;Entre 2501 e 3000 reais;Não;Reprovado em duas disciplinas;Sim;Sim;Sim;Não;Sim;Não;Não;Não;Não;Ensino médio completo;Ensino médio incompleto;222
Concludente/Egresso;Mossoró - Diurno;2018.1;2020.2;Não, esse foi o curso que consegui ingressar;Não;privada;;Privada;;Limoeiro do norte;Sim;Não;Masculino;Pardo;Solteiro;Não;Sim;Acima de 3000 reais;Sim;Aprovado em todas as disciplinas;Não;Não;Não;Não;Sim;Não;Não;Não;Sim;Ensino médio incompleto;Ensino médio incompleto;223
Concludente/Egresso;Angicos - Diurno;2014.1;2019.2;Sim, sempre quis cursar CeT;Não;Pública;Instituto Federal;Privada;;Currais Novos/RN.;Sim;Não;Feminino;Branco;Solteiro;Não;Sim;Entre 1001 e 1500 reais;Sim;Reprovado em uma disciplina;Sim;Não;Sim;Sim;Sim;Não;Não;Não;Não;Ensino médio completo;Ensino médio completo;224
Concludente/Egresso;Mossoró - Diurno;2016.2;2022.1;Sim, sempre quis cursar CeT;Não;Pública;Escola Estadual;Pública;Escola Estadual;Frutuoso Gomes/RN;Sim;Sim;Feminino;Pardo;Solteiro;Não;Não;Menos de 500 reais;Sim;Reprovado em duas disciplinas;Sim;Sim;Sim;Sim;Sim;Sim;Não;Não;Não;Ensino médio incompleto;Ensino primário incompleto;225
Concludente/Egresso;Mossoró - Diurno;2010.2;2016.1;Não, esse foi o curso que consegui ingressar;Não;Pública;Escola Estadual;Pública;Municipal;Felipe guerra RN;Sim;Não;Masculino;Pardo;Casado;Sim;Sim;Entre 2001 e 2500 reais;Não;Reprovado em duas disciplinas;Não;Sim;Sim;Sim;Sim;Sim;Sim;Sim;Não;Ensino fundamental incompleto;Ensino fundamental incompleto;226
Concludente/Egresso;Mossoró - Diurno;2014.2;2019.2;Sim, sempre quis cursar CeT;Sim;privada;;Privada;;Ceará ;Sim;Não;Masculino;Branco;Solteiro;Não;Sim;Entre 2001 e 2500 reais;Não;Reprovado em uma disciplina;Não;Não;Não;Não;Sim;Sim;Não;Não;Sim;Ensino superior Completo;Ensino primário incompleto;227
Evadido/Desistente;Mossoró - Diurno;2016.2;2018.2;Não, esse foi o curso que consegui ingressar;Não;Pública;Escola Estadual;Pública;Escola Estadual;Tibau;Não;Não;Feminino;Branco;Solteiro;Não;Não;Entre 1501 e 2000 reais;Não;Reprovado em cinco ou mais disciplinas;Não;Sim;Sim;Não;Sim;Sim;Não;Não;Sim;Ensino médio incompleto;Ensino fundamental incompleto;228
Concludente/Egresso;Mossoró - Diurno;2015.2;2019.2;Sim, sempre quis cursar CeT;Não;privada;;Privada;;Mossoró;Eu já morava na mesma cidade;Não;Masculino;Pardo;Solteiro;Não;Sim;Entre 2501 e 3000 reais;Não;Reprovado em uma disciplina;Não;Não;Sim;Não;Sim;Sim;Não;Não;Sim;Ensino superior Completo;Ensino médio completo;229
